Time (ms), Left Level dB, Right Level dB, rMomentary LU MAIN, rShort LU MAIN, rIntegrated LU MAIN , rPeak Correction dB MAIN
60000,  -23.00,  -23.00,  -22.52,  -22.46,  -22.51,    0.00
120000,  -23.00,  -23.00,  -22.50,  -22.44,  -22.52,    0.00
180000,  -23.00,  -23.00,  -22.53,  -22.44,  -22.51,   -0.14
240000,  -23.00,  -23.00,  -22.55,  -22.47,  -22.51,   -0.37
300000,  -23.00,  -23.00,  -22.50,  -22.45,  -22.52,   -0.48
360000,  -20.00,  -20.00,  -19.51,  -19.47,  -21.91,   -2.27
420000,  -20.00,  -20.00,  -19.48,  -19.45,  -21.47,   -2.48
480000,  -20.00,  -20.00,  -19.52,  -19.45,  -21.17,   -2.55
540000,  -20.00,  -20.00,  -19.54,  -19.46,  -20.95,   -2.57
600000,  -20.00,  -20.00,  -19.44,  -19.45,  -20.79,   -2.57
660000,  -20.00,  -20.00,  -22.48,  -22.45,  -20.87,   -3.05
720000,  -23.00,  -23.00,  -22.50,  -22.43,  -20.98,   -3.27
780000,  -23.00,  -23.00,  -22.57,  -22.44,  -21.09,   -3.27
840000,  -23.00,  -23.00,  -22.50,  -22.41,  -21.17,   -3.06
900000,  -23.00,  -23.00,  -22.54,  -22.42,  -21.25,   -2.58
960000,  -23.00,  -23.00,  -25.46,  -25.42,  -21.40,   -2.00
1020000,  -26.00,  -26.00,  -25.55,  -25.45,  -21.56,   -1.35
1080000,  -26.00,  -26.00,  -25.48,  -25.44,  -21.70,   -0.65
1140000,  -26.00,  -26.00,  -25.54,  -25.47,  -21.84,    0.44
1200000,  -26.00,  -26.00,  -25.52,  -25.46,  -21.96,    0.98
1260000,  -23.00,  -23.00,  -22.49,  -22.46,  -22.02,    1.18
1320000,  -23.00,  -23.00,  -22.54,  -22.43,  -22.04,    0.92
1380000,  -23.00,  -23.00,  -22.52,  -22.44,  -22.06,    0.81
1440000,  -23.00,  -23.00,  -22.50,  -22.44,  -22.08,    0.56
1500000,  -23.00,  -23.00,  -22.52,  -22.45,  -22.10,    0.49
1560000,  -20.00,  -20.00,  -19.46,  -19.41,  -22.03,   -2.38
1620000,  -20.00,  -20.00,  -19.47,  -19.43,  -21.90,   -2.56
1680000,  -20.00,  -20.00,  -19.51,  -19.46,  -21.79,   -2.56
1740000,  -20.00,  -20.00,  -19.49,  -19.45,  -21.69,   -2.57
1800000,  -20.00,  -20.00,  -19.53,  -19.48,  -21.59,   -2.56
1860000,  -20.00,  -20.00,  -22.54,  -22.45,  -21.56,   -2.87
1920000,  -23.00,  -23.00,  -22.55,  -22.45,  -21.59,   -3.22
1980000,  -23.00,  -23.00,  -22.51,  -22.43,  -21.62,   -3.26
2040000,  -23.00,  -23.00,  -22.48,  -22.45,  -21.64,   -3.16
2100000,  -23.00,  -23.00,  -22.54,  -22.43,  -21.66,   -2.76
2160000,  -23.00,  -23.00,  -25.54,  -25.45,  -21.70,   -2.20
2220000,  -26.00,  -26.00,  -25.58,  -25.45,  -21.77,   -1.57
2280000,  -26.00,  -26.00,  -25.57,  -25.45,  -21.84,   -0.89
2340000,  -26.00,  -26.00,  -25.49,  -25.44,  -21.90,    0.27
2400000,  -26.00,  -26.00,  -25.55,  -25.44,  -21.97,    0.79
2460000,  -23.00,  -23.00,  -22.48,  -22.44,  -22.01,    1.18
2520000,  -23.00,  -23.00,  -22.52,  -22.47,  -22.02,    0.95
2580000,  -23.00,  -23.00,  -22.56,  -22.45,  -22.03,    0.88
2640000,  -23.00,  -23.00,  -22.53,  -22.44,  -22.04,    0.68
2700000,  -23.00,  -23.00,  -22.52,  -22.43,  -22.05,    0.49
2760000,  -20.00,  -20.00,  -19.51,  -19.44,  -22.04,   -2.10
2820000,  -20.00,  -20.00,  -19.52,  -19.45,  -21.97,   -2.55
2880000,  -20.00,  -20.00,  -19.54,  -19.43,  -21.90,   -2.55
2940000,  -20.00,  -20.00,  -19.55,  -19.44,  -21.84,   -2.56
3000000,  -20.00,  -20.00,  -19.49,  -19.47,  -21.78,   -2.57
3060000,  -20.00,  -20.00,  -22.51,  -22.43,  -21.73,   -2.69
3120000,  -23.00,  -23.00,  -22.52,  -22.43,  -21.74,   -3.17
3180000,  -23.00,  -23.00,  -22.53,  -22.43,  -21.76,   -3.30
3240000,  -23.00,  -23.00,  -22.52,  -22.45,  -21.77,   -3.27
3300000,  -23.00,  -23.00,  -22.55,  -22.45,  -21.78,   -2.93
3360000,  -23.00,  -23.00,  -25.57,  -25.47,  -21.80,   -2.40
3420000,  -26.00,  -26.00,  -25.52,  -25.45,  -21.84,   -1.79
3480000,  -26.00,  -26.00,  -25.45,  -25.43,  -21.88,   -1.12
3540000,  -26.00,  -26.00,  -25.50,  -25.45,  -21.92,   -0.45
3600000,  -26.00,  -26.00,  -25.56,  -25.45,  -21.97,    0.61
3660000,  -26.00,  -26.00,  -25.53,  -25.43,  -22.01,    1.17
3720000,  -23.00,  -23.00,  -22.54,  -22.46,  -22.01,    1.18
3780000,  -23.00,  -23.00,  -22.54,  -22.47,  -22.02,    0.92
3840000,  -23.00,  -23.00,  -22.50,  -22.44,  -22.03,    0.77
3900000,  -23.00,  -23.00,  -22.53,  -22.46,  -22.04,    0.49
3960000,  -23.00,  -23.00,  -22.55,  -22.44,  -22.04,    0.49
4020000,  -20.00,  -20.00,  -19.50,  -19.45,  -22.00,   -2.53
4080000,  -20.00,  -20.00,  -19.48,  -19.45,  -21.95,   -2.55
4140000,  -20.00,  -20.00,  -19.50,  -19.44,  -21.90,   -2.56
4200000,  -20.00,  -20.00,  -19.55,  -19.45,  -21.86,   -2.56
4260000,  -20.00,  -20.00,  -19.45,  -19.45,  -21.81,   -2.56
4320000,  -20.00,  -20.00,  -22.53,  -22.46,  -21.81,   -3.04
4380000,  -23.00,  -23.00,  -22.52,  -22.46,  -21.82,   -3.27
4440000,  -23.00,  -23.00,  -22.48,  -22.44,  -21.83,   -3.27
4500000,  -23.00,  -23.00,  -22.51,  -22.46,  -21.84,   -3.06
4560000,  -23.00,  -23.00,  -22.53,  -22.45,  -21.85,   -2.58
4620000,  -23.00,  -23.00,  -25.51,  -25.45,  -21.87,   -2.00
4680000,  -26.00,  -26.00,  -25.53,  -25.44,  -21.90,   -1.35
4740000,  -26.00,  -26.00,  -25.52,  -25.45,  -21.94,   -0.66
4800000,  -26.00,  -26.00,  -25.51,  -25.46,  -21.97,    0.44
4860000,  -26.00,  -26.00,  -25.54,  -25.42,  -22.00,    0.98
4920000,  -23.00,  -23.00,  -22.54,  -22.44,  -22.01,    1.17
4980000,  -23.00,  -23.00,  -22.49,  -22.42,  -22.02,    0.91
5040000,  -23.00,  -23.00,  -22.51,  -22.44,  -22.02,    0.81
5100000,  -23.00,  -23.00,  -22.52,  -22.43,  -22.03,    0.56
5160000,  -23.00,  -23.00,  -22.49,  -22.45,  -22.03,    0.49
5220000,  -20.00,  -20.00,  -19.55,  -19.46,  -22.01,   -2.36
5280000,  -20.00,  -20.00,  -19.55,  -19.45,  -21.97,   -2.56
5340000,  -20.00,  -20.00,  -19.45,  -19.45,  -21.94,   -2.56
5400000,  -20.00,  -20.00,  -19.48,  -19.45,  -21.90,   -2.57
5460000,  -20.00,  -20.00,  -19.54,  -19.45,  -21.87,   -2.56
5520000,  -20.00,  -20.00,  -22.52,  -22.44,  -21.85,   -2.87
5580000,  -23.00,  -23.00,  -22.50,  -22.41,  -21.86,   -3.22
5640000,  -23.00,  -23.00,  -22.56,  -22.45,  -21.87,   -3.26
5700000,  -23.00,  -23.00,  -22.52,  -22.46,  -21.87,   -3.17
5760000,  -23.00,  -23.00,  -22.50,  -22.44,  -21.88,   -2.76
5820000,  -23.00,  -23.00,  -25.56,  -25.48,  -21.89,   -2.20
5880000,  -26.00,  -26.00,  -25.54,  -25.46,  -21.92,   -1.58
5940000,  -26.00,  -26.00,  -25.57,  -25.47,  -21.94,   -0.90
6000000,  -26.00,  -26.00,  -25.54,  -25.44,  -21.97,   -0.26
6060000,  -26.00,  -26.00,  -25.52,  -25.45,  -21.99,    0.79
6120000,  -26.00,  -26.00,  -49.58,  -49.51,  -22.02,    1.37
6180000,  -50.05,  -50.05,  -49.60,  -49.51,  -22.06,    2.04
6240000,  -50.05,  -50.05,  -49.56,  -49.51,  -22.10,    2.79
6300000,  -50.05,  -50.05,  -49.63,  -49.54,  -22.15,    3.68
6360000,  -50.05,  -50.05,  -49.61,  -49.50,  -22.19,    4.66
6420000,  -23.00,  -23.00,  -22.51,  -22.45,  -22.22,    5.44
6480000,  -23.00,  -23.00,  -22.54,  -22.43,  -22.22,    1.07
6540000,  -23.00,  -23.00,  -22.51,  -22.46,  -22.22,    0.98
6600000,  -23.00,  -23.00,  -22.53,  -22.44,  -22.23,    0.84
6660000,  -23.00,  -23.00,  -22.48,  -22.41,  -22.23,    0.48
6720000,  -20.00,  -20.00,  -19.54,  -19.44,  -22.23,   -1.98
6780000,  -20.00,  -20.00,  -19.49,  -19.44,  -22.19,   -2.58
6840000,  -20.00,  -20.00,  -19.48,  -19.45,  -22.16,   -2.59
6900000,  -20.00,  -20.00,  -19.50,  -19.44,  -22.13,   -2.59
6960000,  -20.00,  -20.00,  -19.51,  -19.46,  -22.10,   -2.59
7020000,  -20.00,  -20.00,  -22.47,  -22.45,  -22.07,   -2.59
7080000,  -23.00,  -23.00,  -22.54,  -22.45,  -22.07,   -1.09
7140000,  -23.00,  -23.00,  -22.55,  -22.45,  -22.08,   -2.08
7200000,  -23.00,  -23.00,  -22.53,  -22.44,  -22.08,   -2.67
7260000,  -23.00,  -23.00,  -22.53,  -22.44,  -22.08,   -2.69
7320000,  -23.00,  -23.00,  -22.49,  -22.44,  -22.09,   -2.49
7380000,  -23.00,  -23.00,  -25.49,  -25.46,  -22.11,   -1.92
7440000,  -26.00,  -26.00,  -25.53,  -25.46,  -22.13,   -1.22
7500000,  -26.00,  -26.00,  -25.53,  -25.42,  -22.14,   -0.50
7560000,  -26.00,  -26.00,  -25.46,  -25.44,  -22.16,    0.57
7620000,  -26.00,  -26.00,  -25.56,  -25.47,  -22.18,    1.12
7680000,  -23.00,  -23.00,  -22.48,  -22.45,  -22.19,    1.18
7740000,  -23.00,  -23.00,  -22.48,  -22.47,  -22.19,    0.91
7800000,  -23.00,  -23.00,  -22.50,  -22.47,  -22.19,    0.78
7860000,  -23.00,  -23.00,  -22.56,  -22.44,  -22.19,    0.49
7920000,  -23.00,  -23.00,  -22.49,  -22.45,  -22.20,    0.49
7980000,  -20.00,  -20.00,  -19.50,  -19.44,  -22.17,   -2.49
8040000,  -20.00,  -20.00,  -19.47,  -19.45,  -22.15,   -2.55
8100000,  -20.00,  -20.00,  -19.54,  -19.46,  -22.12,   -2.55
8160000,  -20.00,  -20.00,  -19.56,  -19.43,  -22.09,   -2.55
8220000,  -20.00,  -20.00,  -19.50,  -19.45,  -22.07,   -2.56
8280000,  -20.00,  -20.00,  -22.56,  -22.44,  -22.06,   -2.99
8340000,  -23.00,  -23.00,  -22.50,  -22.45,  -22.07,   -3.25
8400000,  -23.00,  -23.00,  -22.51,  -22.46,  -22.07,   -3.26
8460000,  -23.00,  -23.00,  -22.53,  -22.43,  -22.07,   -3.09
8520000,  -23.00,  -23.00,  -22.51,  -22.46,  -22.07,   -2.63
8580000,  -23.00,  -23.00,  -25.48,  -25.45,  -22.09,   -2.06
8640000,  -26.00,  -26.00,  -25.48,  -25.45,  -22.10,   -1.42
8700000,  -26.00,  -26.00,  -25.51,  -25.44,  -22.12,   -0.72
8760000,  -26.00,  -26.00,  -25.53,  -25.43,  -22.14,    0.39
8820000,  -26.00,  -26.00,  -25.47,  -25.44,  -22.15,    0.92
8880000,  -23.00,  -23.00,  -22.51,  -22.42,  -22.16,    1.18
8940000,  -23.00,  -23.00,  -22.53,  -22.44,  -22.16,    0.91
9000000,  -23.00,  -23.00,  -22.52,  -22.41,  -22.16,    0.82
9060000,  -23.00,  -23.00,  -22.50,  -22.43,  -22.17,    0.60
9120000,  -23.00,  -23.00,  -22.57,  -22.43,  -22.17,    0.48
9180000,  -20.00,  -20.00,  -19.48,  -19.46,  -22.16,   -2.31
9240000,  -20.00,  -20.00,  -19.50,  -19.45,  -22.14,   -2.55
9300000,  -20.00,  -20.00,  -19.46,  -19.46,  -22.11,   -2.56
9360000,  -20.00,  -20.00,  -19.53,  -19.43,  -22.09,   -2.56
9420000,  -20.00,  -20.00,  -19.52,  -19.45,  -22.07,   -2.56
9480000,  -20.00,  -20.00,  -22.52,  -22.44,  -22.05,   -2.82
9540000,  -23.00,  -23.00,  -22.50,  -22.46,  -22.06,   -3.21
9600000,  -23.00,  -23.00,  -22.50,  -22.43,  -22.06,   -3.27
9660000,  -23.00,  -23.00,  -22.53,  -22.45,  -22.06,   -3.20
9720000,  -23.00,  -23.00,  -22.57,  -22.46,  -22.07,   -2.81
9780000,  -23.00,  -23.00,  -25.53,  -25.43,  -22.07,   -2.26
9840000,  -26.00,  -26.00,  -25.53,  -25.48,  -22.09,   -1.64
9900000,  -26.00,  -26.00,  -25.53,  -25.46,  -22.10,   -0.96
9960000,  -26.00,  -26.00,  -25.57,  -25.47,  -22.11,   -0.32
10020000,  -26.00,  -26.00,  -25.55,  -25.43,  -22.13,    0.74
10080000,  -23.00,  -23.00,  -22.54,  -22.45,  -22.14,    1.18
10140000,  -23.00,  -23.00,  -22.50,  -22.43,  -22.14,    0.97
10200000,  -23.00,  -23.00,  -22.52,  -22.46,  -22.14,    0.89
10260000,  -23.00,  -23.00,  -22.54,  -22.44,  -22.15,    0.71
10320000,  -23.00,  -23.00,  -22.55,  -22.46,  -22.15,    0.48
10380000,  -20.00,  -20.00,  -19.49,  -19.45,  -22.15,   -1.94
10440000,  -20.00,  -20.00,  -19.53,  -19.45,  -22.13,   -2.54
10500000,  -20.00,  -20.00,  -19.52,  -19.45,  -22.11,   -2.55
10560000,  -20.00,  -20.00,  -19.53,  -19.46,  -22.09,   -2.56
10620000,  -20.00,  -20.00,  -19.53,  -19.45,  -22.07,   -2.56
10680000,  -20.00,  -20.00,  -22.50,  -22.42,  -22.05,   -2.64
10740000,  -23.00,  -23.00,  -22.46,  -22.43,  -22.05,   -3.14
10800000,  -23.00,  -23.00,  -22.50,  -22.43,  -22.05,   -3.31
10860000,  -23.00,  -23.00,  -22.49,  -22.43,  -22.06,   -3.29
10920000,  -23.00,  -23.00,  -22.44,  -22.42,  -22.06,   -2.98
10980000,  -23.00,  -23.00,  -22.49,  -22.46,  -22.06,   -2.45
11040000,  -23.00,  -23.00,  -25.52,  -25.45,  -22.07,   -1.85
11100000,  -26.00,  -26.00,  -25.49,  -25.45,  -22.09,   -1.19
11160000,  -26.00,  -26.00,  -25.55,  -25.47,  -22.10,   -0.50
11220000,  -26.00,  -26.00,  -25.49,  -25.44,  -22.11,    0.57
11280000,  -26.00,  -26.00,  -25.53,  -25.44,  -22.12,    1.12
11340000,  -23.00,  -23.00,  -22.56,  -22.43,  -22.13,    1.19
11400000,  -23.00,  -23.00,  -22.51,  -22.45,  -22.13,    0.91
11460000,  -23.00,  -23.00,  -22.51,  -22.46,  -22.13,    0.78
11520000,  -23.00,  -23.00,  -22.51,  -22.43,  -22.13,    0.49
11580000,  -23.00,  -23.00,  -22.52,  -22.44,  -22.13,    0.49
11640000,  -20.00,  -20.00,  -19.52,  -19.46,  -22.12,   -2.49
11700000,  -20.00,  -20.00,  -19.53,  -19.44,  -22.10,   -2.56
11760000,  -20.00,  -20.00,  -19.52,  -19.46,  -22.08,   -2.56
11820000,  -20.00,  -20.00,  -19.58,  -19.47,  -22.07,   -2.55
11880000,  -20.00,  -20.00,  -19.51,  -19.45,  -22.05,   -2.56
11940000,  -20.00,  -20.00,  -22.48,  -22.44,  -22.05,   -2.99
12000000,  -23.00,  -23.00,  -22.56,  -22.45,  -22.05,   -3.25
12060000,  -23.00,  -23.00,  -22.52,  -22.44,  -22.05,   -3.26
12120000,  -23.00,  -23.00,  -22.52,  -22.46,  -22.05,   -3.09
12180000,  -23.00,  -23.00,  -22.51,  -22.45,  -22.05,   -2.63
12240000,  -23.00,  -23.00,  -25.52,  -25.45,  -22.06,   -2.06
12300000,  -26.00,  -26.00,  -25.51,  -25.45,  -22.07,   -1.42
12360000,  -26.00,  -26.00,  -25.48,  -25.46,  -22.09,   -0.73
12420000,  -26.00,  -26.00,  -25.50,  -25.45,  -22.10,    0.39
12480000,  -26.00,  -26.00,  -25.56,  -25.45,  -22.11,    0.92
12540000,  -26.00,  -26.00,  -49.55,  -49.51,  -22.12,    1.53
12600000,  -50.05,  -50.05,  -49.57,  -49.50,  -22.15,    2.22
12660000,  -50.05,  -50.05,  -49.57,  -49.50,  -22.17,    3.00
12720000,  -50.05,  -50.05,  -49.55,  -49.50,  -22.19,    3.91
12780000,  -50.05,  -50.05,  -49.56,  -49.51,  -22.21,    4.89
12840000,  -23.00,  -23.00,  -22.52,  -22.43,  -22.22,    5.42
12900000,  -23.00,  -23.00,  -22.54,  -22.42,  -22.22,    0.99
12960000,  -23.00,  -23.00,  -22.47,  -22.45,  -22.22,    0.97
13020000,  -23.00,  -23.00,  -22.53,  -22.41,  -22.22,    0.83
13080000,  -23.00,  -23.00,  -22.55,  -22.44,  -22.22,    0.49
13140000,  -20.00,  -20.00,  -19.50,  -19.44,  -22.22,   -2.36
13200000,  -20.00,  -20.00,  -19.51,  -19.45,  -22.20,   -2.59
13260000,  -20.00,  -20.00,  -19.49,  -19.45,  -22.18,   -2.59
13320000,  -20.00,  -20.00,  -19.51,  -19.46,  -22.17,   -2.58
13380000,  -20.00,  -20.00,  -19.57,  -19.44,  -22.15,   -2.58
13440000,  -20.00,  -20.00,  -22.52,  -22.44,  -22.14,   -2.58
13500000,  -23.00,  -23.00,  -22.51,  -22.44,  -22.14,   -0.86
13560000,  -23.00,  -23.00,  -22.50,  -22.44,  -22.14,   -1.86
13620000,  -23.00,  -23.00,  -22.51,  -22.42,  -22.15,   -2.49
13680000,  -23.00,  -23.00,  -22.56,  -22.45,  -22.15,   -2.53
13740000,  -23.00,  -23.00,  -25.55,  -25.46,  -22.15,   -2.35
13800000,  -26.00,  -26.00,  -25.49,  -25.46,  -22.16,   -1.77
13860000,  -26.00,  -26.00,  -25.52,  -25.48,  -22.17,   -1.05
13920000,  -26.00,  -26.00,  -25.45,  -25.44,  -22.18,   -0.37
13980000,  -26.00,  -26.00,  -25.50,  -25.45,  -22.19,    0.70
14040000,  -23.00,  -23.00,  -22.52,  -22.44,  -22.20,    1.18
14100000,  -23.00,  -23.00,  -22.50,  -22.45,  -22.20,    1.02
14160000,  -23.00,  -23.00,  -22.53,  -22.44,  -22.20,    0.91
14220000,  -23.00,  -23.00,  -22.53,  -22.45,  -22.20,    0.73
14280000,  -23.00,  -23.00,  -22.58,  -22.46,  -22.20,    0.49
14340000,  -20.00,  -20.00,  -19.51,  -19.91,  -22.20,   -1.49
14400000,  -20.00,  -20.00,  -19.52,  -19.44,  -22.19,   -2.54
14460000,  -20.00,  -20.00,  -19.53,  -19.43,  -22.17,   -2.55
14520000,  -20.00,  -20.00,  -19.49,  -19.45,  -22.16,   -2.56
14580000,  -20.00,  -20.00,  -19.50,  -19.46,  -22.14,   -2.56
14640000,  -20.00,  -20.00,  -19.50,  -19.45,  -22.13,   -2.59
14700000,  -20.00,  -20.00,  -22.51,  -22.43,  -22.13,   -3.11
14760000,  -23.00,  -23.00,  -22.54,  -22.45,  -22.13,   -3.31
14820000,  -23.00,  -23.00,  -22.49,  -22.44,  -22.13,   -3.30
14880000,  -23.00,  -23.00,  -22.49,  -22.43,  -22.13,   -3.02
14940000,  -23.00,  -23.00,  -22.50,  -22.42,  -22.14,   -2.51
15000000,  -23.00,  -23.00,  -25.52,  -25.45,  -22.14,   -1.91
15060000,  -26.00,  -26.00,  -25.54,  -25.44,  -22.15,   -1.25
15120000,  -26.00,  -26.00,  -25.54,  -25.46,  -22.16,   -0.55
15180000,  -26.00,  -26.00,  -25.51,  -25.45,  -22.17,    0.52
15240000,  -26.00,  -26.00,  -25.55,  -25.44,  -22.18,    1.06
15300000,  -23.00,  -23.00,  -22.44,  -22.44,  -22.18,    1.18
15360000,  -23.00,  -23.00,  -22.58,  -22.45,  -22.19,    0.92
15420000,  -23.00,  -23.00,  -22.52,  -22.46,  -22.19,    0.79
15480000,  -23.00,  -23.00,  -22.53,  -22.45,  -22.19,    0.49
15540000,  -23.00,  -23.00,  -22.51,  -22.43,  -22.19,    0.49
15600000,  -20.00,  -20.00,  -19.51,  -19.43,  -22.18,   -2.45
15660000,  -20.00,  -20.00,  -19.50,  -19.46,  -22.17,   -2.56
15720000,  -20.00,  -20.00,  -19.53,  -19.44,  -22.15,   -2.56
15780000,  -20.00,  -20.00,  -19.56,  -19.45,  -22.14,   -2.56
15840000,  -20.00,  -20.00,  -19.46,  -19.47,  -22.12,   -2.56
15900000,  -20.00,  -20.00,  -22.54,  -22.45,  -22.12,   -2.95
15960000,  -23.00,  -23.00,  -22.53,  -22.44,  -22.12,   -3.24
16020000,  -23.00,  -23.00,  -22.53,  -22.43,  -22.12,   -3.25
16080000,  -23.00,  -23.00,  -22.50,  -22.44,  -22.12,   -3.12
16140000,  -23.00,  -23.00,  -22.45,  -22.45,  -22.13,   -2.68
16200000,  -23.00,  -23.00,  -25.54,  -25.45,  -22.13,   -2.11
16260000,  -26.00,  -26.00,  -25.49,  -25.45,  -22.14,   -1.48
16320000,  -26.00,  -26.00,  -25.48,  -25.44,  -22.15,   -0.79
16380000,  -26.00,  -26.00,  -25.49,  -25.45,  -22.16,    0.34
16440000,  -26.00,  -26.00,  -25.54,  -25.45,  -22.17,    0.87
16500000,  -23.00,  -23.00,  -22.60,  -22.45,  -22.17,    1.17
16560000,  -23.00,  -23.00,  -22.50,  -22.45,  -22.17,    0.93
16620000,  -23.00,  -23.00,  -22.46,  -22.44,  -22.17,    0.85
16680000,  -23.00,  -23.00,  -22.50,  -22.42,  -22.17,    0.63
16740000,  -23.00,  -23.00,  -22.55,  -22.42,  -22.18,    0.49
16800000,  -20.00,  -20.00,  -19.49,  -19.44,  -22.17,   -2.24
16860000,  -20.00,  -20.00,  -19.46,  -19.45,  -22.16,   -2.55
16920000,  -20.00,  -20.00,  -19.57,  -19.44,  -22.15,   -2.56
16980000,  -20.00,  -20.00,  -19.54,  -19.44,  -22.13,   -2.56
17040000,  -20.00,  -20.00,  -19.51,  -19.44,  -22.12,   -2.56
17100000,  -20.00,  -20.00,  -22.51,  -22.45,  -22.11,   -2.77
17160000,  -23.00,  -23.00,  -22.47,  -22.44,  -22.11,   -3.20
17220000,  -23.00,  -23.00,  -22.50,  -22.46,  -22.11,   -3.28
17280000,  -23.00,  -23.00,  -22.53,  -22.46,  -22.12,   -3.23
17340000,  -23.00,  -23.00,  -22.49,  -22.45,  -22.12,   -2.86
17400000,  -23.00,  -23.00,  -25.55,  -25.45,  -22.12,   -2.31
17460000,  -26.00,  -26.00,  -25.53,  -25.45,  -22.13,   -1.70
17520000,  -26.00,  -26.00,  -25.55,  -25.45,  -22.14,   -1.02
17580000,  -26.00,  -26.00,  -25.51,  -25.45,  -22.14,   -0.37
17640000,  -26.00,  -26.00,  -25.49,  -25.43,  -22.15,    0.69
17700000,  -26.00,  -26.00,  -49.59,  -49.54,  -22.16,    1.26
17760000,  -50.05,  -50.05,  -49.58,  -49.53,  -22.17,    1.91
17820000,  -50.05,  -50.05,  -49.59,  -49.50,  -22.19,    2.64
17880000,  -50.05,  -50.05,  -49.57,  -49.56,  -22.20,    3.51
17940000,  -50.05,  -50.05,  -49.60,  -49.51,  -22.22,    4.49
18000000,  -23.00,  -23.00,  -22.50,  -28.26,  -22.23,    5.45
18060000,  -23.00,  -23.00,  -22.53,  -22.46,  -22.23,    1.65
18120000,  -23.00,  -23.00,  -22.53,  -22.45,  -22.23,    0.98
18180000,  -23.00,  -23.00,  -22.52,  -22.45,  -22.24,    0.84
18240000,  -23.00,  -23.00,  -22.50,  -22.44,  -22.24,    0.48
18300000,  -23.00,  -23.00,  -22.48,  -22.45,  -22.24,    0.48
18360000,  -20.00,  -20.00,  -19.55,  -19.47,  -22.23,   -2.59
18420000,  -20.00,  -20.00,  -19.53,  -19.44,  -22.21,   -2.58
18480000,  -20.00,  -20.00,  -19.53,  -19.45,  -22.20,   -2.60
18540000,  -20.00,  -20.00,  -19.54,  -19.43,  -22.19,   -2.59
18600000,  -20.00,  -20.00,  -19.53,  -19.45,  -22.18,   -2.58
18660000,  -20.00,  -20.00,  -22.46,  -22.46,  -22.18,   -2.57
18720000,  -23.00,  -23.00,  -22.48,  -22.41,  -22.18,   -2.26
18780000,  -23.00,  -23.00,  -22.52,  -22.45,  -22.18,   -2.80
18840000,  -23.00,  -23.00,  -22.46,  -22.42,  -22.18,   -2.81
18900000,  -23.00,  -23.00,  -22.46,  -22.43,  -22.18,   -2.60
18960000,  -23.00,  -23.00,  -25.51,  -25.42,  -22.19,   -2.03
19020000,  -26.00,  -26.00,  -25.48,  -25.45,  -22.19,   -1.34
19080000,  -26.00,  -26.00,  -25.50,  -25.45,  -22.20,   -0.62
19140000,  -26.00,  -26.00,  -25.53,  -25.46,  -22.21,    0.47
19200000,  -26.00,  -26.00,  -25.53,  -25.45,  -22.22,    1.01
19260000,  -23.00,  -23.00,  -22.56,  -22.44,  -22.22,    1.18
19320000,  -23.00,  -23.00,  -22.50,  -22.44,  -22.22,    0.91
19380000,  -23.00,  -23.00,  -22.49,  -22.44,  -22.22,    0.80
19440000,  -23.00,  -23.00,  -22.49,  -22.45,  -22.22,    0.53
19500000,  -23.00,  -23.00,  -22.54,  -22.46,  -22.22,    0.49
19560000,  -20.00,  -20.00,  -19.48,  -19.42,  -22.22,   -2.40
19620000,  -20.00,  -20.00,  -19.55,  -19.44,  -22.20,   -2.55
19680000,  -20.00,  -20.00,  -19.55,  -19.47,  -22.19,   -2.56
19740000,  -20.00,  -20.00,  -19.51,  -19.44,  -22.18,   -2.56
19800000,  -20.00,  -20.00,  -19.56,  -19.45,  -22.17,   -2.56
19860000,  -20.00,  -20.00,  -22.58,  -22.45,  -22.17,   -2.90
19920000,  -23.00,  -23.00,  -22.52,  -22.44,  -22.17,   -3.23
19980000,  -23.00,  -23.00,  -22.50,  -22.42,  -22.17,   -3.26
20040000,  -23.00,  -23.00,  -22.53,  -22.45,  -22.17,   -3.15
20100000,  -23.00,  -23.00,  -22.49,  -22.44,  -22.17,   -2.73
20160000,  -23.00,  -23.00,  -25.56,  -25.45,  -22.17,   -2.17
20220000,  -26.00,  -26.00,  -25.48,  -25.43,  -22.18,   -1.54
20280000,  -26.00,  -26.00,  -25.54,  -25.45,  -22.19,   -0.86
20340000,  -26.00,  -26.00,  -25.55,  -25.45,  -22.19,    0.29
20400000,  -26.00,  -26.00,  -25.54,  -25.45,  -22.20,    0.82
20460000,  -23.00,  -23.00,  -22.50,  -22.45,  -22.21,    1.18
20520000,  -23.00,  -23.00,  -22.51,  -22.45,  -22.21,    0.94
20580000,  -23.00,  -23.00,  -22.54,  -22.44,  -22.21,    0.86
20640000,  -23.00,  -23.00,  -22.50,  -22.45,  -22.21,    0.66
20700000,  -23.00,  -23.00,  -22.52,  -22.44,  -22.21,    0.49
20760000,  -20.00,  -20.00,  -19.53,  -19.43,  -22.21,   -2.16
20820000,  -20.00,  -20.00,  -19.48,  -19.43,  -22.20,   -2.55
20880000,  -20.00,  -20.00,  -19.52,  -19.44,  -22.18,   -2.56
20940000,  -20.00,  -20.00,  -19.56,  -19.45,  -22.17,   -2.57
21000000,  -20.00,  -20.00,  -19.56,  -19.45,  -22.16,   -2.56
21060000,  -20.00,  -20.00,  -22.55,  -22.44,  -22.16,   -2.72
21120000,  -23.00,  -23.00,  -22.49,  -22.44,  -22.16,   -3.18
21180000,  -23.00,  -23.00,  -22.53,  -22.43,  -22.16,   -3.30
21240000,  -23.00,  -23.00,  -22.52,  -22.45,  -22.16,   -3.26
21300000,  -23.00,  -23.00,  -22.49,  -22.44,  -22.16,   -2.91
21360000,  -23.00,  -23.00,  -25.56,  -25.45,  -22.16,   -2.37
21420000,  -26.00,  -26.00,  -25.51,  -25.45,  -22.17,   -1.76
21480000,  -26.00,  -26.00,  -25.49,  -25.45,  -22.17,   -1.10
21540000,  -26.00,  -26.00,  -25.50,  -25.45,  -22.18,   -0.43
21600000,  -26.00,  -26.00,  -25.57,  -25.45,  -22.19,    0.64
21660000,  -23.00,  -23.00,  -22.52,  -24.15,  -22.19,    1.18
21720000,  -23.00,  -23.00,  -22.56,  -22.47,  -22.19,    1.14
21780000,  -23.00,  -23.00,  -22.56,  -22.48,  -22.20,    0.92
21840000,  -23.00,  -23.00,  -22.48,  -22.45,  -22.20,    0.77
21900000,  -23.00,  -23.00,  -22.49,  -22.47,  -22.20,    0.49
21960000,  -23.00,  -23.00,  -22.53,  -22.45,  -22.20,    0.49
22020000,  -20.00,  -20.00,  -19.50,  -19.46,  -22.19,   -2.54
22080000,  -20.00,  -20.00,  -19.50,  -19.46,  -22.18,   -2.55
22140000,  -20.00,  -20.00,  -19.48,  -19.44,  -22.17,   -2.56
22200000,  -20.00,  -20.00,  -19.55,  -19.44,  -22.16,   -2.56
22260000,  -20.00,  -20.00,  -19.50,  -19.46,  -22.15,   -2.55
22320000,  -20.00,  -20.00,  -22.51,  -22.45,  -22.15,   -3.06
22380000,  -23.00,  -23.00,  -22.55,  -22.47,  -22.15,   -3.28
22440000,  -23.00,  -23.00,  -22.48,  -22.45,  -22.15,   -3.28
22500000,  -23.00,  -23.00,  -22.55,  -22.45,  -22.15,   -3.05
22560000,  -23.00,  -23.00,  -22.55,  -22.46,  -22.15,   -2.56
22620000,  -23.00,  -23.00,  -25.47,  -25.45,  -22.16,   -1.97
22680000,  -26.00,  -26.00,  -25.48,  -25.45,  -22.16,   -1.32
22740000,  -26.00,  -26.00,  -25.50,  -25.43,  -22.17,   -0.63
22800000,  -26.00,  -26.00,  -25.53,  -25.44,  -22.18,    0.46
22860000,  -26.00,  -26.00,  -25.48,  -25.41,  -22.18,    1.00
22920000,  -23.00,  -23.00,  -22.52,  -22.42,  -22.18,    1.17
22980000,  -23.00,  -23.00,  -22.49,  -22.42,  -22.18,    0.91
23040000,  -23.00,  -23.00,  -22.54,  -22.45,  -22.19,    0.80
23100000,  -23.00,  -23.00,  -22.50,  -22.44,  -22.19,    0.53
23160000,  -23.00,  -23.00,  -22.56,  -22.46,  -22.19,    0.49
23220000,  -20.00,  -20.00,  -19.50,  -19.46,  -22.18,   -2.39
23280000,  -20.00,  -20.00,  -19.53,  -19.46,  -22.17,   -2.55
23340000,  -20.00,  -20.00,  -19.54,  -19.43,  -22.16,   -2.56
23400000,  -20.00,  -20.00,  -19.51,  -19.44,  -22.15,   -2.56
23460000,  -20.00,  -20.00,  -19.52,  -19.44,  -22.14,   -2.56
23520000,  -20.00,  -20.00,  -22.53,  -22.45,  -22.14,   -2.89
23580000,  -23.00,  -23.00,  -22.47,  -22.42,  -22.14,   -3.22
23640000,  -23.00,  -23.00,  -22.49,  -22.44,  -22.14,   -3.26
23700000,  -23.00,  -23.00,  -22.51,  -22.47,  -22.14,   -3.15
23760000,  -23.00,  -23.00,  -22.53,  -22.45,  -22.14,   -2.74
23820000,  -23.00,  -23.00,  -25.54,  -25.48,  -22.15,   -2.18
23880000,  -26.00,  -26.00,  -25.52,  -25.45,  -22.15,   -1.55
23940000,  -26.00,  -26.00,  -25.55,  -25.45,  -22.16,   -0.87
24000000,  -26.00,  -26.00,  -25.50,  -25.43,  -22.16,    0.28
24060000,  -26.00,  -26.00,  -25.50,  -25.45,  -22.17,    0.81
24120000,  -26.00,  -26.00,  -49.60,  -49.49,  -22.18,    1.40
24180000,  -50.05,  -50.05,  -49.63,  -49.51,  -22.19,    2.07
24240000,  -50.05,  -50.05,  -49.67,  -49.51,  -22.20,    2.83
24300000,  -50.05,  -50.05,  -49.61,  -49.51,  -22.21,    3.72
24360000,  -50.05,  -50.05,  -49.57,  -49.50,  -22.22,    4.70
24420000,  -15.00,  -15.00,  -14.53,  -14.45,  -22.21,   -6.97
24480000,  -15.00,  -15.00,  -14.47,  -14.44,  -22.16,   -7.17
24540000,  -15.00,  -15.00,  -14.52,  -14.46,  -22.11,   -7.56
24600000,  -15.00,  -15.00,  -14.53,  -14.44,  -22.06,   -7.59
24660000,  -15.00,  -15.00,  -14.49,  -14.44,  -22.01,   -7.59
24720000,  -12.00,  -12.00,  -11.51,  -11.43,  -21.95,  -10.00
24780000,  -12.00,  -12.00,  -11.53,  -11.44,  -21.85,  -10.00
24840000,  -12.00,  -12.00,  -11.48,  -11.45,  -21.75,  -10.00
24900000,  -12.00,  -12.00,  -11.57,  -11.43,  -21.65,  -10.00
24960000,  -12.00,  -12.00,  -11.53,  -11.44,  -21.55,  -10.00
25020000,  -12.00,  -12.00,  -14.50,  -14.46,  -21.46,  -10.00
25080000,  -15.00,  -15.00,  -14.49,  -14.43,  -21.42,   -7.73
25140000,  -15.00,  -15.00,  -14.52,  -14.43,  -21.38,   -7.59
25200000,  -15.00,  -15.00,  -14.54,  -14.43,  -21.34,   -7.58
25260000,  -15.00,  -15.00,  -14.50,  -14.45,  -21.30,   -7.58
25320000,  -15.00,  -15.00,  -17.53,  -15.10,  -21.27,   -7.59
25380000,  -18.00,  -18.00,  -17.55,  -17.46,  -21.25,   -7.98
25440000,  -18.00,  -18.00,  -17.52,  -17.45,  -21.24,   -8.32
25500000,  -18.00,  -18.00,  -17.48,  -17.43,  -21.22,   -8.32
25560000,  -18.00,  -18.00,  -17.53,  -17.45,  -21.21,   -8.03
25620000,  -18.00,  -18.00,  -17.53,  -17.45,  -21.20,   -7.49
25680000,  -15.00,  -15.00,  -14.55,  -14.41,  -21.16,   -7.10
25740000,  -15.00,  -15.00,  -14.51,  -14.45,  -21.12,   -7.22
25800000,  -15.00,  -15.00,  -14.49,  -14.46,  -21.09,   -7.54
25860000,  -15.00,  -15.00,  -14.51,  -14.44,  -21.05,   -7.57
25920000,  -15.00,  -15.00,  -14.53,  -14.46,  -21.02,   -7.56
25980000,  -12.00,  -12.00,  -11.53,  -11.44,  -20.95,  -10.00
26040000,  -12.00,  -12.00,  -11.48,  -11.45,  -20.87,  -10.00
26100000,  -12.00,  -12.00,  -11.51,  -11.45,  -20.79,  -10.00
26160000,  -12.00,  -12.00,  -11.48,  -11.43,  -20.72,  -10.00
26220000,  -12.00,  -12.00,  -11.54,  -11.45,  -20.65,  -10.00
26280000,  -12.00,  -12.00,  -14.49,  -14.45,  -20.61,  -10.00
26340000,  -15.00,  -15.00,  -14.51,  -14.46,  -20.58,  -10.00
26400000,  -15.00,  -15.00,  -14.48,  -14.45,  -20.55,  -10.00
26460000,  -15.00,  -15.00,  -14.48,  -14.44,  -20.52,  -10.00
26520000,  -15.00,  -15.00,  -14.53,  -14.46,  -20.49,  -10.00
26580000,  -15.00,  -15.00,  -17.52,  -17.45,  -20.47,  -10.00
26640000,  -18.00,  -18.00,  -17.52,  -17.45,  -20.46,   -9.39
26700000,  -18.00,  -18.00,  -17.51,  -17.44,  -20.45,   -8.70
26760000,  -18.00,  -18.00,  -17.55,  -17.45,  -20.44,   -8.10
26820000,  -18.00,  -18.00,  -17.52,  -17.46,  -20.43,   -7.58
26880000,  -15.00,  -15.00,  -14.55,  -14.42,  -20.41,   -7.09
26940000,  -15.00,  -15.00,  -14.56,  -14.43,  -20.39,   -7.18
27000000,  -15.00,  -15.00,  -14.49,  -14.43,  -20.36,   -7.40
27060000,  -15.00,  -15.00,  -14.52,  -14.44,  -20.33,   -7.56
27120000,  -15.00,  -15.00,  -14.52,  -14.43,  -20.30,   -7.56
27180000,  -12.00,  -12.00,  -11.49,  -11.45,  -20.26,  -10.00
27240000,  -12.00,  -12.00,  -11.56,  -11.46,  -20.20,  -10.00
27300000,  -12.00,  -12.00,  -11.51,  -11.44,  -20.14,  -10.00
27360000,  -12.00,  -12.00,  -11.48,  -11.45,  -20.08,  -10.00
27420000,  -12.00,  -12.00,  -11.49,  -11.45,  -20.02,  -10.00
27480000,  -12.00,  -12.00,  -14.50,  -14.45,  -19.98,  -10.00
27540000,  -15.00,  -15.00,  -14.50,  -14.44,  -19.95,  -10.00
27600000,  -15.00,  -15.00,  -14.50,  -14.41,  -19.93,  -10.00
27660000,  -15.00,  -15.00,  -14.56,  -14.45,  -19.91,  -10.00
27720000,  -15.00,  -15.00,  -14.53,  -14.46,  -19.88,  -10.00
27780000,  -15.00,  -15.00,  -17.51,  -17.44,  -19.86,  -10.00
27840000,  -18.00,  -18.00,  -17.57,  -17.47,  -19.86,   -9.62
27900000,  -18.00,  -18.00,  -17.51,  -17.45,  -19.85,   -8.94
27960000,  -18.00,  -18.00,  -17.55,  -17.47,  -19.84,   -8.30
28020000,  -18.00,  -18.00,  -17.50,  -17.44,  -19.84,   -7.76
28080000,   -9.00,   -9.00,   -8.51,   -8.45,  -19.80,  -10.00
28140000,   -9.00,   -9.00,   -8.50,   -8.45,  -19.69,  -10.00
28200000,   -9.00,   -9.00,   -8.53,   -8.45,  -19.58,  -10.00
28260000,   -9.00,   -9.00,   -8.48,   -8.44,  -19.47,  -10.00
28320000,   -9.00,   -9.00,   -8.58,   -8.47,  -19.37,  -10.00
28380000,   -9.00,   -9.00,  -11.49,  -11.44,  -19.28,  -10.00
28440000,  -12.00,  -12.00,  -11.48,  -11.45,  -19.23,  -10.00
28500000,  -12.00,  -12.00,  -11.53,  -11.43,  -19.19,  -10.00
28560000,  -12.00,  -12.00,  -11.48,  -11.46,  -19.14,  -10.00
28620000,  -12.00,  -12.00,  -11.54,  -11.44,  -19.10,  -10.00
28680000,  -12.00,  -12.00,  -14.51,  -14.42,  -19.06,  -10.00
28740000,  -15.00,  -15.00,  -14.53,  -14.44,  -19.04,  -10.00
28800000,  -15.00,  -15.00,  -14.49,  -14.44,  -19.02,  -10.00
28860000,  -15.00,  -15.00,  -14.52,  -14.43,  -19.01,  -10.00
28920000,  -15.00,  -15.00,  -14.48,  -14.44,  -18.99,  -10.00
28980000,  -15.00,  -15.00,  -14.48,  -14.46,  -18.98,  -10.00
29040000,  -18.00,  -18.00,  -17.47,  -17.45,  -18.97,   -9.81
29100000,  -18.00,  -18.00,  -17.56,  -17.45,  -18.97,   -9.17
29160000,  -18.00,  -18.00,  -17.57,  -17.45,  -18.96,   -8.50
29220000,  -18.00,  -18.00,  -17.50,  -17.43,  -18.96,   -7.93
29280000,  -18.00,  -18.00,  -17.54,  -17.44,  -18.96,   -7.41
29340000,  -18.00,  -18.00,  -49.59,  -49.50,  -18.97,   -6.86
29400000,  -50.05,  -50.05,  -49.53,  -49.53,  -18.97,   -6.23
29460000,  -50.05,  -50.05,  -49.59,  -49.52,  -18.98,   -5.49
29520000,  -50.05,  -50.05,  -49.59,  -49.49,  -18.99,   -4.65
29580000,  -50.05,  -50.05,  -49.55,  -49.51,  -19.00,   -3.72
29640000,  -33.01,  -33.01,  -32.61,  -32.48,  -19.01,   -2.72
29700000,  -33.01,  -33.01,  -32.51,  -32.45,  -19.02,   -1.71
29760000,  -33.01,  -33.01,  -32.53,  -32.47,  -19.03,   -0.71
29820000,  -33.01,  -33.01,  -32.50,  -32.47,  -19.03,    1.28
29880000,  -33.01,  -33.01,  -32.60,  -32.45,  -19.04,    2.28
29940000,  -30.00,  -30.00,  -29.52,  -29.45,  -19.05,    3.28
30000000,  -30.00,  -30.00,  -29.50,  -29.45,  -19.06,    4.28
30060000,  -30.00,  -30.00,  -29.52,  -29.45,  -19.07,    5.28
30120000,  -30.00,  -30.00,  -29.52,  -29.46,  -19.07,    6.28
30180000,  -30.00,  -30.00,  -29.55,  -29.45,  -19.08,    7.01
30240000,  -30.00,  -30.00,  -32.48,  -32.45,  -19.09,    7.12
30300000,  -33.01,  -33.01,  -32.52,  -32.45,  -19.10,    7.05
30360000,  -33.01,  -33.01,  -32.55,  -32.45,  -19.11,    6.94
30420000,  -33.01,  -33.01,  -32.50,  -32.47,  -19.11,    7.34
30480000,  -33.01,  -33.01,  -32.53,  -32.43,  -19.12,    7.90
30540000,  -33.01,  -33.01,  -35.54,  -35.46,  -19.13,    8.54
30600000,  -36.01,  -36.01,  -35.50,  -35.47,  -19.14,    9.23
30660000,  -36.01,  -36.01,  -35.50,  -35.45,  -19.15,    9.84
30720000,  -36.01,  -36.01,  -35.51,  -35.45,  -19.16,   10.00
30780000,  -36.01,  -36.01,  -35.55,  -35.44,  -19.16,   10.00
30840000,  -33.01,  -33.01,  -32.49,  -32.45,  -19.17,   10.00
30900000,  -33.01,  -33.01,  -32.53,  -32.43,  -19.18,   10.00
30960000,  -33.01,  -33.01,  -32.53,  -32.44,  -19.19,   10.00
31020000,  -33.01,  -33.01,  -32.54,  -32.42,  -19.20,   10.00
31080000,  -33.01,  -33.01,  -32.55,  -32.44,  -19.20,   10.00
31140000,  -30.00,  -30.00,  -29.53,  -29.44,  -19.21,   10.00
31200000,  -30.00,  -30.00,  -29.50,  -29.47,  -19.22,    7.73
31260000,  -30.00,  -30.00,  -29.50,  -29.47,  -19.23,    7.49
31320000,  -30.00,  -30.00,  -29.51,  -29.46,  -19.24,    7.49
31380000,  -30.00,  -30.00,  -29.50,  -29.43,  -19.24,    7.50
31440000,  -30.00,  -30.00,  -32.51,  -32.45,  -19.25,    7.50
31500000,  -33.01,  -33.01,  -32.55,  -32.45,  -19.26,    7.20
31560000,  -33.01,  -33.01,  -32.51,  -32.46,  -19.27,    6.79
31620000,  -33.01,  -33.01,  -32.50,  -32.43,  -19.27,    7.15
31680000,  -33.01,  -33.01,  -32.55,  -32.45,  -19.28,    7.70
31740000,  -33.01,  -33.01,  -35.58,  -35.46,  -19.29,    8.32
31800000,  -36.01,  -36.01,  -35.55,  -35.45,  -19.30,    9.00
31860000,  -36.01,  -36.01,  -35.55,  -35.48,  -19.31,    9.65
31920000,  -36.01,  -36.01,  -35.58,  -35.46,  -19.31,   10.00
31980000,  -36.01,  -36.01,  -35.56,  -35.48,  -19.32,   10.00
32040000,  -33.01,  -33.01,  -32.54,  -32.44,  -19.33,   10.00
32100000,  -33.01,  -33.01,  -32.52,  -32.45,  -19.34,   10.00
32160000,  -33.01,  -33.01,  -32.49,  -32.43,  -19.34,   10.00
32220000,  -33.01,  -33.01,  -32.55,  -32.47,  -19.35,   10.00
32280000,  -33.01,  -33.01,  -32.54,  -32.45,  -19.36,   10.00
32340000,  -30.00,  -30.00,  -29.55,  -29.47,  -19.37,   10.00
32400000,  -30.00,  -30.00,  -29.53,  -29.45,  -19.38,    8.32
32460000,  -30.00,  -30.00,  -29.56,  -29.46,  -19.38,    7.49
32520000,  -30.00,  -30.00,  -29.50,  -29.45,  -19.39,    7.49
32580000,  -30.00,  -30.00,  -29.51,  -29.46,  -19.40,    7.49
32640000,  -30.00,  -30.00,  -29.56,  -29.45,  -19.40,    7.49
32700000,  -30.00,  -30.00,  -32.51,  -32.42,  -19.41,    7.39
32760000,  -33.01,  -33.01,  -32.47,  -32.44,  -19.42,    6.87
32820000,  -33.01,  -33.01,  -32.48,  -32.44,  -19.43,    6.99
32880000,  -33.01,  -33.01,  -32.52,  -32.45,  -19.43,    7.51
32940000,  -33.01,  -33.01,  -32.45,  -32.43,  -19.44,    8.11
33000000,  -33.01,  -33.01,  -35.52,  -35.46,  -19.45,    8.76
33060000,  -36.01,  -36.01,  -35.52,  -35.45,  -19.46,    9.46
33120000,  -36.01,  -36.01,  -35.51,  -35.46,  -19.46,   10.00
33180000,  -36.01,  -36.01,  -35.54,  -35.48,  -19.47,   10.00
33240000,  -36.01,  -36.01,  -35.53,  -35.45,  -19.48,   10.00
33300000,  -33.01,  -33.01,  -32.52,  -32.45,  -19.49,   10.00
33360000,  -33.01,  -33.01,  -32.59,  -32.44,  -19.50,   10.00
33420000,  -33.01,  -33.01,  -32.53,  -32.45,  -19.50,   10.00
33480000,  -33.01,  -33.01,  -32.50,  -32.47,  -19.51,   10.00
33540000,  -33.01,  -33.01,  -32.52,  -32.44,  -19.52,   10.00
33600000,  -30.00,  -30.00,  -29.51,  -29.45,  -19.52,   10.00
33660000,  -30.00,  -30.00,  -29.53,  -29.46,  -19.53,    7.54
33720000,  -30.00,  -30.00,  -29.55,  -29.44,  -19.54,    7.50
33780000,  -30.00,  -30.00,  -29.51,  -29.47,  -19.55,    7.49
33840000,  -30.00,  -30.00,  -29.56,  -29.47,  -19.55,    7.49
33900000,  -30.00,  -30.00,  -32.51,  -32.46,  -19.56,    7.49
33960000,  -33.01,  -33.01,  -32.52,  -32.45,  -19.57,    7.04
34020000,  -33.01,  -33.01,  -32.55,  -32.46,  -19.57,    6.89
34080000,  -33.01,  -33.01,  -32.51,  -32.45,  -19.58,    7.33
34140000,  -33.01,  -33.01,  -32.49,  -32.46,  -19.59,    7.90
34200000,  -33.01,  -33.01,  -35.54,  -35.45,  -19.60,    8.54
34260000,  -36.01,  -36.01,  -35.54,  -35.46,  -19.60,    9.23
34320000,  -36.01,  -36.01,  -35.56,  -35.47,  -19.61,    9.84
34380000,  -36.01,  -36.01,  -35.49,  -35.47,  -19.62,   10.00
34440000,  -36.01,  -36.01,  -35.52,  -35.45,  -19.63,   10.00
34500000,  -33.01,  -33.01,  -32.58,  -32.45,  -19.63,   10.00
34560000,  -33.01,  -33.01,  -32.50,  -32.45,  -19.64,   10.00
34620000,  -33.01,  -33.01,  -32.50,  -32.45,  -19.65,   10.00
34680000,  -33.01,  -33.01,  -32.52,  -32.44,  -19.65,   10.00
34740000,  -33.01,  -33.01,  -32.51,  -32.45,  -19.66,   10.00
34800000,  -30.00,  -30.00,  -29.50,  -29.45,  -19.67,   10.00
34860000,  -30.00,  -30.00,  -29.51,  -29.44,  -19.67,    7.74
34920000,  -30.00,  -30.00,  -29.51,  -29.41,  -19.68,    7.49
34980000,  -30.00,  -30.00,  -29.48,  -29.45,  -19.69,    7.49
35040000,  -30.00,  -30.00,  -29.51,  -29.42,  -19.70,    7.49
35100000,  -30.00,  -30.00,  -32.54,  -32.45,  -19.70,    7.50
35160000,  -33.01,  -33.01,  -32.51,  -32.44,  -19.71,    7.21
35220000,  -33.01,  -33.01,  -32.53,  -32.47,  -19.72,    6.79
35280000,  -33.01,  -33.01,  -32.48,  -32.47,  -19.72,    7.15
35340000,  -33.01,  -33.01,  -32.53,  -32.47,  -19.73,    7.69
35400000,  -33.01,  -33.01,  -35.55,  -35.45,  -19.74,    8.31
35460000,  -36.01,  -36.01,  -35.53,  -35.46,  -19.74,    8.99
35520000,  -36.01,  -36.01,  -35.50,  -35.45,  -19.75,    9.64
35580000,  -36.01,  -36.01,  -35.53,  -35.45,  -19.76,   10.00
35640000,  -36.01,  -36.01,  -35.52,  -35.44,  -19.77,   10.00
35700000,  -36.01,  -36.01,  -59.77,  -52.75,  -19.77,   10.00
35760000,  -60.21,  -60.21,  -59.77,  -52.75,  -19.77,   10.00
35820000,  -60.21,  -60.21,  -59.71,  -52.75,  -19.77,   10.00
35880000,  -60.21,  -60.21,  -59.74,  -52.75,  -19.77,   10.00
35940000,  -60.21,  -60.21,  -59.67,  -52.75,  -19.77,   10.00
36000000,  -33.01,  -33.01,  -32.50,  -32.45,  -19.77,   10.00
36060000,  -33.01,  -33.01,  -32.51,  -32.44,  -19.78,   10.00
36120000,  -33.01,  -33.01,  -32.53,  -32.45,  -19.79,   10.00
36180000,  -33.01,  -33.01,  -32.53,  -32.44,  -19.79,   10.00
36240000,  -33.01,  -33.01,  -32.53,  -32.46,  -19.80,   10.00
36300000,  -33.01,  -33.01,  -32.56,  -32.45,  -19.81,    9.85
36360000,  -30.00,  -30.00,  -29.50,  -29.45,  -19.81,    9.49
36420000,  -30.00,  -30.00,  -29.50,  -29.45,  -19.82,    7.71
36480000,  -30.00,  -30.00,  -29.53,  -29.44,  -19.83,    7.53
36540000,  -30.00,  -30.00,  -29.53,  -29.45,  -19.83,    7.49
36600000,  -30.00,  -30.00,  -29.54,  -29.47,  -19.84,    7.49
36660000,  -30.00,  -30.00,  -32.53,  -32.46,  -19.85,    7.45
36720000,  -33.01,  -33.01,  -32.54,  -32.44,  -19.85,    6.91
36780000,  -33.01,  -33.01,  -32.53,  -32.45,  -19.86,    6.96
36840000,  -33.01,  -33.01,  -32.48,  -32.44,  -19.87,    7.46
36900000,  -33.01,  -33.01,  -32.51,  -32.43,  -19.87,    8.05
36960000,  -33.01,  -33.01,  -35.49,  -35.42,  -19.88,    8.70
37020000,  -36.01,  -36.01,  -35.52,  -35.46,  -19.89,    9.40
37080000,  -36.01,  -36.01,  -35.54,  -35.44,  -19.89,    9.98
37140000,  -36.01,  -36.01,  -35.56,  -35.46,  -19.90,   10.00
37200000,  -36.01,  -36.01,  -35.53,  -35.46,  -19.91,   10.00
37260000,  -33.01,  -33.01,  -32.53,  -32.45,  -19.91,   10.00
37320000,  -33.01,  -33.01,  -32.48,  -32.44,  -19.92,   10.00
37380000,  -33.01,  -33.01,  -32.53,  -32.45,  -19.93,   10.00
37440000,  -33.01,  -33.01,  -32.51,  -32.47,  -19.93,   10.00
37500000,  -33.01,  -33.01,  -32.54,  -32.45,  -19.94,   10.00
37560000,  -30.00,  -30.00,  -29.52,  -29.44,  -19.95,   10.00
37620000,  -30.00,  -30.00,  -29.51,  -29.44,  -19.95,    7.59
37680000,  -30.00,  -30.00,  -29.47,  -29.46,  -19.96,    7.50
37740000,  -30.00,  -30.00,  -29.51,  -29.44,  -19.97,    7.49
37800000,  -30.00,  -30.00,  -29.55,  -29.45,  -19.97,    7.49
37860000,  -30.00,  -30.00,  -32.50,  -32.49,  -19.98,    7.49
37920000,  -33.01,  -33.01,  -32.51,  -32.44,  -19.98,    7.08
37980000,  -33.01,  -33.01,  -32.53,  -32.45,  -19.99,    6.86
38040000,  -33.01,  -33.01,  -32.52,  -32.45,  -20.00,    7.28
38100000,  -33.01,  -33.01,  -32.51,  -32.44,  -20.00,    7.84
38160000,  -33.01,  -33.01,  -35.48,  -35.45,  -20.01,    8.48
38220000,  -36.01,  -36.01,  -35.54,  -35.45,  -20.02,    9.16
38280000,  -36.01,  -36.01,  -35.49,  -35.46,  -20.02,    9.78
38340000,  -36.01,  -36.01,  -35.48,  -35.45,  -20.03,   10.00
38400000,  -36.01,  -36.01,  -35.50,  -35.47,  -20.04,   10.00
38460000,  -33.01,  -33.01,  -32.53,  -32.45,  -20.04,   10.00
38520000,  -33.01,  -33.01,  -32.58,  -32.45,  -20.05,   10.00
38580000,  -33.01,  -33.01,  -32.51,  -32.46,  -20.06,   10.00
38640000,  -33.01,  -33.01,  -32.48,  -32.45,  -20.06,   10.00
38700000,  -33.01,  -33.01,  -32.52,  -32.43,  -20.07,   10.00
38760000,  -30.00,  -30.00,  -29.55,  -29.44,  -20.08,   10.00
38820000,  -30.00,  -30.00,  -29.48,  -29.45,  -20.08,    7.82
38880000,  -30.00,  -30.00,  -29.48,  -29.45,  -20.09,    7.50
38940000,  -30.00,  -30.00,  -29.59,  -29.44,  -20.09,    7.49
39000000,  -30.00,  -30.00,  -99.89,  -53.12,  -20.10,    7.94
39060000,  -30.00,  -30.00,  -32.51,  -32.45,  -20.10,    7.85
39120000,  -33.01,  -33.01,  -32.52,  -32.45,  -20.11,    7.26
39180000,  -33.01,  -33.01,  -32.51,  -32.44,  -20.12,    6.82
39240000,  -33.01,  -33.01,  -32.51,  -32.46,  -20.12,    7.12
39300000,  -33.01,  -33.01,  -32.55,  -32.46,  -20.13,    7.68
39360000,  -33.01,  -33.01,  -35.50,  -35.46,  -20.14,    8.31
39420000,  -36.01,  -36.01,  -35.53,  -35.45,  -20.14,    8.96
39480000,  -36.01,  -36.01,  -35.53,  -35.45,  -20.15,    9.60
39540000,  -36.01,  -36.01,  -35.54,  -35.46,  -20.16,   10.00
39600000,  -36.01,  -36.01,  -35.50,  -35.46,  -20.16,   10.00
39660000,  -33.01,  -33.01,  -32.51,  -32.44,  -20.17,   10.00
39720000,  -33.01,  -33.01,  -32.54,  -32.48,  -20.17,   10.00
39780000,  -33.01,  -33.01,  -32.51,  -32.46,  -20.18,   10.00
39840000,  -33.01,  -33.01,  -32.51,  -32.44,  -20.19,   10.00
39900000,  -33.01,  -33.01,  -32.50,  -32.50,  -20.19,   10.00
39960000,  -33.01,  -33.01,  -32.53,  -32.45,  -20.20,   10.00
40020000,  -30.00,  -30.00,  -29.52,  -29.46,  -20.21,   10.00
40080000,  -30.00,  -30.00,  -29.55,  -29.46,  -20.21,    7.49
40140000,  -30.00,  -30.00,  -29.53,  -29.45,  -20.22,    7.49
40200000,  -30.00,  -30.00,  -29.49,  -29.45,  -20.22,    7.48
40260000,  -30.00,  -30.00,  -29.50,  -29.44,  -20.23,    7.50
40320000,  -23.00,  -23.00,  -22.51,  -22.45,  -20.23,    7.45
40380000,  -23.00,  -23.00,  -22.56,  -22.47,  -20.23,    0.49
40440000,  -23.00,  -23.00,  -22.53,  -22.44,  -20.24,    0.48
40500000,  -23.00,  -23.00,  -22.52,  -22.45,  -20.24,    0.48
40560000,  -23.00,  -23.00,  -22.54,  -22.43,  -20.24,    0.47
40620000,  -23.00,  -23.00,  -25.49,  -25.45,  -20.25,    3.35
40680000,  -26.00,  -26.00,  -25.46,  -25.46,  -20.25,    2.64
40740000,  -26.00,  -26.00,  -25.49,  -25.41,  -20.26,    1.64
40800000,  -26.00,  -26.00,  -25.51,  -25.45,  -20.26,    0.75
40860000,  -26.00,  -26.00,  -25.49,  -25.43,  -20.26,    0.91
40920000,  -23.00,  -23.00,  -22.49,  -22.43,  -20.27,    1.07
40980000,  -23.00,  -23.00,  -22.52,  -22.42,  -20.27,    0.92
41040000,  -23.00,  -23.00,  -22.45,  -22.45,  -20.27,    0.81
41100000,  -23.00,  -23.00,  -22.50,  -22.44,  -20.28,    0.54
41160000,  -23.00,  -23.00,  -22.55,  -22.46,  -20.28,    0.49
41220000,  -20.00,  -20.00,  -19.51,  -19.46,  -20.28,   -2.41
41280000,  -20.00,  -20.00,  -19.54,  -19.44,  -20.28,   -2.56
41340000,  -20.00,  -20.00,  -19.49,  -19.44,  -20.28,   -2.56
41400000,  -20.00,  -20.00,  -19.52,  -19.44,  -20.27,   -2.57
41460000,  -20.00,  -20.00,  -19.47,  -19.45,  -20.27,   -2.56
41520000,  -20.00,  -20.00,  -22.54,  -22.46,  -20.27,   -2.91
41580000,  -23.00,  -23.00,  -22.51,  -22.43,  -20.28,   -3.23
41640000,  -23.00,  -23.00,  -22.55,  -22.44,  -20.28,   -3.25
41700000,  -23.00,  -23.00,  -22.56,  -22.47,  -20.28,   -3.14
41760000,  -23.00,  -23.00,  -22.47,  -22.44,  -20.28,   -2.72
41820000,  -23.00,  -23.00,  -25.55,  -25.46,  -20.29,   -2.16
41880000,  -26.00,  -26.00,  -25.54,  -25.45,  -20.29,   -1.53
41940000,  -26.00,  -26.00,  -25.51,  -25.44,  -20.30,   -0.84
42000000,  -26.00,  -26.00,  -25.48,  -25.42,  -20.30,    0.30
42060000,  -26.00,  -26.00,  -25.57,  -25.45,  -20.31,    0.83
42120000,  -26.00,  -26.00,  -59.70,  -53.31,  -20.31,    1.42
42180000,  -60.21,  -60.21,  -59.75,  -53.31,  -20.31,    2.06
42240000,  -60.21,  -60.21,  -59.69,  -53.31,  -20.31,    2.47
42300000,  -60.21,  -60.21,  -59.76,  -53.31,  -20.31,    2.57
42360000,  -60.21,  -60.21,  -59.77,  -53.31,  -20.31,    2.57
42420000,  -33.01,  -33.01,  -32.55,  -32.45,  -20.31,    2.56
42480000,  -33.01,  -33.01,  -32.53,  -32.46,  -20.32,    2.71
42540000,  -33.01,  -33.01,  -32.57,  -32.46,  -20.32,    3.38
42600000,  -33.01,  -33.01,  -32.52,  -32.45,  -20.33,    4.36
42660000,  -33.01,  -33.01,  -32.49,  -32.45,  -20.33,    5.40
42720000,  -30.00,  -30.00,  -29.51,  -29.44,  -20.34,    6.42
42780000,  -30.00,  -30.00,  -29.53,  -29.43,  -20.34,    7.43
42840000,  -30.00,  -30.00,  -29.50,  -29.43,  -20.35,    7.92
42900000,  -30.00,  -30.00,  -29.54,  -29.44,  -20.35,    7.90
42960000,  -30.00,  -30.00,  -29.55,  -29.45,  -20.36,    7.70
43020000,  -30.00,  -30.00,  -32.54,  -32.45,  -20.37,    7.49
43080000,  -33.01,  -33.01,  -32.55,  -32.45,  -20.37,    7.38
43140000,  -33.01,  -33.01,  -32.50,  -32.45,  -20.38,    6.85
43200000,  -33.01,  -33.01,  -32.50,  -32.44,  -20.38,    7.05
43260000,  -33.01,  -33.01,  -32.53,  -32.46,  -20.39,    7.59
43320000,  -33.01,  -33.01,  -35.50,  -35.03,  -20.39,    8.20
43380000,  -36.01,  -36.01,  -35.60,  -35.45,  -20.40,    8.86
43440000,  -36.01,  -36.01,  -35.55,  -35.47,  -20.41,    9.54
43500000,  -36.01,  -36.01,  -35.53,  -35.47,  -20.41,   10.00
43560000,  -36.01,  -36.01,  -35.53,  -35.46,  -20.42,   10.00
43620000,  -36.01,  -36.01,  -35.58,  -35.46,  -20.42,   10.00
43680000,  -33.01,  -33.01,  -32.53,  -32.43,  -20.43,   10.00
43740000,  -33.01,  -33.01,  -32.53,  -32.48,  -20.44,   10.00
43800000,  -33.01,  -33.01,  -32.56,  -32.47,  -20.44,   10.00
43860000,  -33.01,  -33.01,  -32.52,  -32.45,  -20.45,   10.00
43920000,  -33.01,  -33.01,  -32.48,  -32.48,  -20.45,   10.00
43980000,  -30.00,  -30.00,  -29.52,  -29.45,  -20.46,   10.00
44040000,  -30.00,  -30.00,  -29.49,  -29.46,  -20.46,    7.49
44100000,  -30.00,  -30.00,  -29.52,  -29.47,  -20.47,    7.49
44160000,  -30.00,  -30.00,  -29.51,  -29.45,  -20.47,    7.49
44220000,  -30.00,  -30.00,  -29.56,  -29.43,  -20.48,    7.49
44280000,  -30.00,  -30.00,  -32.51,  -32.46,  -20.48,    7.48
44340000,  -33.01,  -33.01,  -32.54,  -32.46,  -20.49,    6.96
44400000,  -33.01,  -33.01,  -32.56,  -32.47,  -20.50,    6.93
44460000,  -33.01,  -33.01,  -32.51,  -32.45,  -20.50,    7.40
44520000,  -33.01,  -33.01,  -32.55,  -32.46,  -20.51,    7.99
44580000,  -33.01,  -33.01,  -35.55,  -35.46,  -20.51,    8.63
44640000,  -36.01,  -36.01,  -35.50,  -35.46,  -20.52,    9.33
44700000,  -36.01,  -36.01,  -35.48,  -35.45,  -20.52,    9.92
44760000,  -36.01,  -36.01,  -35.53,  -35.44,  -20.53,   10.00
44820000,  -36.01,  -36.01,  -35.54,  -35.45,  -20.54,   10.00
44880000,  -33.01,  -33.01,  -32.47,  -32.41,  -20.54,   10.00
44940000,  -33.01,  -33.01,  -32.53,  -32.43,  -20.55,   10.00
45000000,  -33.01,  -33.01,  -32.50,  -32.43,  -20.55,   10.00
45060000,  -33.01,  -33.01,  -32.51,  -32.45,  -20.56,   10.00
45120000,  -33.01,  -33.01,  -32.50,  -32.45,  -20.56,   10.00
45180000,  -30.00,  -30.00,  -29.54,  -29.47,  -20.57,   10.00
45240000,  -30.00,  -30.00,  -29.51,  -29.46,  -20.57,    7.64
45300000,  -30.00,  -30.00,  -29.55,  -29.46,  -20.58,    7.49
45360000,  -30.00,  -30.00,  -29.55,  -29.43,  -20.58,    7.49
45420000,  -30.00,  -30.00,  -29.51,  -29.45,  -20.59,    7.49
45480000,  -30.00,  -30.00,  -32.51,  -32.45,  -20.59,    7.49
45540000,  -33.01,  -33.01,  -32.53,  -32.46,  -20.60,    7.13
45600000,  -33.01,  -33.01,  -32.47,  -32.43,  -20.60,    6.82
45660000,  -33.01,  -33.01,  -32.51,  -32.45,  -20.61,    7.23
45720000,  -33.01,  -33.01,  -32.52,  -32.47,  -20.62,    7.78
45780000,  -33.01,  -33.01,  -35.56,  -35.45,  -20.62,    8.41
45840000,  -36.01,  -36.01,  -35.54,  -35.48,  -20.63,    9.09
45900000,  -36.01,  -36.01,  -35.54,  -35.46,  -20.63,    9.73
45960000,  -36.01,  -36.01,  -35.53,  -35.45,  -20.64,   10.00
46020000,  -36.01,  -36.01,  -35.51,  -35.44,  -20.64,   10.00
46080000,  -33.01,  -33.01,  -32.50,  -32.46,  -20.65,   10.00
46140000,  -33.01,  -33.01,  -32.53,  -32.43,  -20.65,   10.00
46200000,  -33.01,  -33.01,  -32.56,  -32.45,  -20.66,   10.00
46260000,  -33.01,  -33.01,  -32.60,  -32.44,  -20.66,   10.00
46320000,  -33.01,  -33.01,  -32.57,  -32.46,  -20.67,   10.00
46380000,  -30.00,  -30.00,  -29.52,  -29.44,  -20.68,   10.00
46440000,  -30.00,  -30.00,  -29.53,  -29.45,  -20.68,    7.94
46500000,  -30.00,  -30.00,  -29.48,  -29.44,  -20.69,    7.49
46560000,  -30.00,  -30.00,  -29.51,  -29.47,  -20.69,    7.49
46620000,  -30.00,  -30.00,  -29.54,  -29.45,  -20.69,    7.49
46680000,  -30.00,  -30.00,  -32.51,  -32.44,  -20.70,    7.48
46740000,  -33.01,  -33.01,  -32.51,  -32.44,  -20.71,    7.32
46800000,  -33.01,  -33.01,  -32.54,  -32.45,  -20.71,    6.83
46860000,  -33.01,  -33.01,  -32.47,  -32.45,  -20.72,    7.05
46920000,  -33.01,  -33.01,  -32.60,  -32.44,  -20.72,    7.58
46980000,  -33.01,  -33.01,  -35.51,  -34.83,  -20.73,    8.19
47040000,  -36.01,  -36.01,  -35.52,  -35.48,  -20.73,    8.86
47100000,  -36.01,  -36.01,  -35.51,  -35.45,  -20.74,    9.53
47160000,  -36.01,  -36.01,  -35.52,  -35.45,  -20.74,   10.00
47220000,  -36.01,  -36.01,  -35.54,  -35.44,  -20.75,   10.00
47280000,  -36.01,  -36.01,  -35.52,  -35.46,  -20.75,   10.00
47340000,  -36.01,  -36.01,  -59.74,  -53.81,  -20.75,   10.00
47400000,  -60.21,  -60.21,  -59.76,  -53.81,  -20.75,   10.00
47460000,  -60.21,  -60.21,  -59.73,  -53.81,  -20.75,   10.00
47520000,  -60.21,  -60.21,  -59.70,  -53.81,  -20.75,   10.00
47580000,  -60.21,  -60.21,  -59.75,  -53.81,  -20.75,   10.00
47640000,  -33.01,  -33.01,  -32.54,  -32.45,  -20.76,   10.00
47700000,  -33.01,  -33.01,  -32.53,  -32.43,  -20.76,   10.00
47760000,  -33.01,  -33.01,  -32.54,  -32.46,  -20.77,   10.00
47820000,  -33.01,  -33.01,  -32.52,  -32.48,  -20.77,   10.00
47880000,  -33.01,  -33.01,  -32.49,  -32.45,  -20.78,   10.00
47940000,  -30.00,  -30.00,  -29.53,  -29.46,  -20.78,   10.00
48000000,  -30.00,  -30.00,  -29.55,  -29.44,  -20.79,    7.58
48060000,  -30.00,  -30.00,  -29.50,  -29.45,  -20.79,    7.49
48120000,  -30.00,  -30.00,  -29.54,  -29.45,  -20.80,    7.49
48180000,  -30.00,  -30.00,  -29.49,  -29.44,  -20.80,    7.49
48240000,  -30.00,  -30.00,  -32.56,  -32.46,  -20.81,    7.48
48300000,  -33.01,  -33.01,  -32.52,  -32.47,  -20.81,    7.01
48360000,  -33.01,  -33.01,  -32.51,  -32.47,  -20.82,    6.90
48420000,  -33.01,  -33.01,  -32.52,  -32.47,  -20.82,    7.35
48480000,  -33.01,  -33.01,  -32.46,  -32.44,  -20.83,    7.93
48540000,  -33.01,  -33.01,  -35.54,  -35.47,  -20.83,    8.57
48600000,  -36.01,  -36.01,  -35.53,  -35.46,  -20.84,    9.26
48660000,  -36.01,  -36.01,  -35.50,  -35.45,  -20.84,    9.86
48720000,  -36.01,  -36.01,  -35.51,  -35.45,  -20.85,   10.00
48780000,  -36.01,  -36.01,  -35.55,  -35.46,  -20.85,   10.00
48840000,  -33.01,  -33.01,  -32.56,  -32.46,  -20.86,   10.00
48900000,  -33.01,  -33.01,  -32.54,  -32.42,  -20.86,   10.00
48960000,  -33.01,  -33.01,  -32.56,  -32.44,  -20.87,   10.00
49020000,  -33.01,  -33.01,  -32.48,  -32.44,  -20.88,   10.00
49080000,  -33.01,  -33.01,  -32.53,  -32.44,  -20.88,   10.00
49140000,  -30.00,  -30.00,  -29.50,  -29.44,  -20.88,   10.00
49200000,  -30.00,  -30.00,  -29.50,  -29.46,  -20.89,    7.70
49260000,  -30.00,  -30.00,  -29.52,  -29.46,  -20.89,    7.50
49320000,  -30.00,  -30.00,  -29.49,  -29.45,  -20.90,    7.49
49380000,  -30.00,  -30.00,  -29.53,  -29.45,  -20.90,    7.49
49440000,  -30.00,  -30.00,  -32.52,  -32.45,  -20.91,    7.49
49500000,  -33.01,  -33.01,  -32.52,  -32.45,  -20.91,    7.18
49560000,  -33.01,  -33.01,  -32.50,  -32.45,  -20.92,    6.79
49620000,  -33.01,  -33.01,  -32.49,  -32.43,  -20.92,    7.18
49680000,  -33.01,  -33.01,  -32.54,  -32.47,  -20.93,    7.73
49740000,  -33.01,  -33.01,  -35.55,  -35.46,  -20.93,    8.35
49800000,  -36.01,  -36.01,  -35.49,  -35.45,  -20.94,    9.03
49860000,  -36.01,  -36.01,  -35.57,  -35.47,  -20.94,    9.67
49920000,  -36.01,  -36.01,  -35.52,  -35.46,  -20.95,   10.00
49980000,  -36.01,  -36.01,  -35.55,  -35.47,  -20.95,   10.00
50040000,  -33.01,  -33.01,  -32.53,  -32.45,  -20.96,   10.00
50100000,  -33.01,  -33.01,  -32.49,  -32.45,  -20.96,   10.00
50160000,  -33.01,  -33.01,  -32.55,  -32.45,  -20.97,   10.00
50220000,  -33.01,  -33.01,  -32.55,  -32.45,  -20.97,   10.00
50280000,  -33.01,  -33.01,  -32.52,  -32.46,  -20.98,   10.00
50340000,  -30.00,  -30.00,  -29.59,  -29.47,  -20.98,   10.00
50400000,  -30.00,  -30.00,  -29.50,  -29.44,  -20.99,    8.13
50460000,  -30.00,  -30.00,  -29.50,  -29.45,  -20.99,    7.50
50520000,  -30.00,  -30.00,  -29.54,  -29.43,  -21.00,    7.48
50580000,  -30.00,  -30.00,  -29.52,  -29.46,  -21.00,    7.49
50640000,  -30.00,  -30.00,  -32.55,  -31.38,  -21.01,    7.49
50700000,  -33.01,  -33.01,  -32.53,  -32.44,  -21.01,    7.37
50760000,  -33.01,  -33.01,  -32.53,  -32.45,  -21.02,    6.86
50820000,  -33.01,  -33.01,  -32.49,  -32.45,  -21.02,    7.01
50880000,  -33.01,  -33.01,  -32.53,  -32.45,  -21.03,    7.53
50940000,  -33.01,  -33.01,  -32.49,  -32.45,  -21.03,    8.14
51000000,  -33.01,  -33.01,  -35.51,  -35.46,  -21.04,    8.80
51060000,  -36.01,  -36.01,  -35.51,  -35.45,  -21.04,    9.49
51120000,  -36.01,  -36.01,  -35.55,  -35.46,  -21.05,   10.00
51180000,  -36.01,  -36.01,  -35.57,  -35.46,  -21.05,   10.00
51240000,  -36.01,  -36.01,  -35.52,  -35.44,  -21.06,   10.00
51300000,  -33.01,  -33.01,  -32.56,  -32.45,  -21.06,   10.00
51360000,  -33.01,  -33.01,  -32.53,  -32.45,  -21.07,   10.00
51420000,  -33.01,  -33.01,  -32.50,  -32.47,  -21.07,   10.00
51480000,  -33.01,  -33.01,  -32.51,  -32.46,  -21.07,   10.00
51540000,  -33.01,  -33.01,  -32.48,  -32.43,  -21.08,   10.00
51600000,  -30.00,  -30.00,  -29.51,  -29.45,  -21.08,   10.00
51660000,  -30.00,  -30.00,  -29.59,  -29.47,  -21.09,    7.51
51720000,  -30.00,  -30.00,  -29.50,  -29.45,  -21.09,    7.50
51780000,  -30.00,  -30.00,  -29.53,  -29.47,  -21.10,    7.48
51840000,  -30.00,  -30.00,  -29.53,  -29.47,  -21.10,    7.49
51900000,  -23.00,  -23.00,  -22.57,  -22.43,  -21.10,    7.49
51960000,  -23.00,  -23.00,  -22.53,  -22.45,  -21.11,    0.56
52020000,  -23.00,  -23.00,  -22.51,  -22.44,  -21.11,    0.49
52080000,  -23.00,  -23.00,  -22.57,  -22.45,  -21.11,    0.48
52140000,  -23.00,  -23.00,  -22.53,  -22.45,  -21.11,    0.48
52200000,  -23.00,  -23.00,  -25.58,  -25.44,  -21.11,    3.27
52260000,  -26.00,  -26.00,  -25.51,  -25.45,  -21.12,    2.73
52320000,  -26.00,  -26.00,  -25.50,  -25.44,  -21.12,    1.72
52380000,  -26.00,  -26.00,  -25.55,  -25.45,  -21.12,    0.78
52440000,  -26.00,  -26.00,  -25.52,  -25.47,  -21.12,    0.80
52500000,  -23.00,  -23.00,  -22.50,  -22.43,  -21.13,    1.07
52560000,  -23.00,  -23.00,  -22.54,  -22.46,  -21.13,    0.93
52620000,  -23.00,  -23.00,  -22.51,  -22.46,  -21.13,    0.85
52680000,  -23.00,  -23.00,  -22.52,  -22.45,  -21.13,    0.61
52740000,  -23.00,  -23.00,  -22.52,  -22.45,  -21.13,    0.49
52800000,  -20.00,  -20.00,  -19.53,  -19.43,  -21.13,   -2.29
52860000,  -20.00,  -20.00,  -19.48,  -19.44,  -21.13,   -2.55
52920000,  -20.00,  -20.00,  -19.49,  -19.42,  -21.13,   -2.56
52980000,  -20.00,  -20.00,  -19.52,  -19.44,  -21.13,   -2.56
53040000,  -20.00,  -20.00,  -19.51,  -19.41,  -21.12,   -2.56
53100000,  -20.00,  -20.00,  -22.54,  -22.42,  -21.12,   -2.81
53160000,  -23.00,  -23.00,  -22.49,  -22.43,  -21.12,   -3.21
53220000,  -23.00,  -23.00,  -22.50,  -22.46,  -21.13,   -3.27
53280000,  -23.00,  -23.00,  -22.52,  -22.46,  -21.13,   -3.20
53340000,  -23.00,  -23.00,  -22.53,  -22.46,  -21.13,   -2.82
53400000,  -23.00,  -23.00,  -25.51,  -25.43,  -21.13,   -2.27
53460000,  -26.00,  -26.00,  -25.49,  -25.45,  -21.13,   -1.65
53520000,  -26.00,  -26.00,  -25.55,  -25.44,  -21.14,   -0.97
53580000,  -26.00,  -26.00,  -25.55,  -25.46,  -21.14,   -0.32
53640000,  -26.00,  -26.00,  -25.49,  -25.42,  -21.14,    0.73
53700000,  -26.00,  -26.00,  -59.78,  -54.18,  -21.14,    1.31
53760000,  -60.21,  -60.21,  -59.73,  -54.18,  -21.14,    1.95
53820000,  -60.21,  -60.21,  -59.77,  -54.18,  -21.14,    2.42
53880000,  -60.21,  -60.21,  -59.75,  -54.18,  -21.14,    2.57
53940000,  -60.21,  -60.21,  -59.79,  -54.18,  -21.14,    2.57
54000000,  -15.00,  -15.00,  -14.56,  -14.46,  -21.14,   -6.85
54060000,  -15.00,  -15.00,  -14.54,  -14.42,  -21.12,   -7.43
54120000,  -15.00,  -15.00,  -14.50,  -14.45,  -21.11,   -7.57
54180000,  -15.00,  -15.00,  -14.49,  -14.42,  -21.09,   -7.59
54240000,  -15.00,  -15.00,  -14.49,  -14.45,  -21.07,   -7.59
54300000,  -12.00,  -12.00,  -11.56,  -12.29,  -21.05,   -9.42
54360000,  -12.00,  -12.00,  -11.54,  -11.46,  -21.02,  -10.00
54420000,  -12.00,  -12.00,  -11.51,  -11.44,  -20.98,  -10.00
54480000,  -12.00,  -12.00,  -11.57,  -11.45,  -20.94,  -10.00
54540000,  -12.00,  -12.00,  -11.48,  -11.45,  -20.90,  -10.00
54600000,  -12.00,  -12.00,  -11.53,  -11.46,  -20.86,  -10.00
54660000,  -12.00,  -12.00,  -14.56,  -14.45,  -20.85,  -10.00
54720000,  -15.00,  -15.00,  -14.49,  -14.42,  -20.83,   -8.35
54780000,  -15.00,  -15.00,  -14.49,  -14.44,  -20.81,   -9.35
54840000,  -15.00,  -15.00,  -14.46,  -14.44,  -20.80,  -10.00
54900000,  -15.00,  -15.00,  -14.49,  -14.43,  -20.78,  -10.00
54960000,  -15.00,  -15.00,  -17.45,  -17.42,  -20.78,   -9.94
55020000,  -18.00,  -18.00,  -17.47,  -17.46,  -20.77,   -9.36
55080000,  -18.00,  -18.00,  -17.51,  -17.45,  -20.76,   -8.61
55140000,  -18.00,  -18.00,  -17.50,  -17.45,  -20.76,   -8.00
55200000,  -18.00,  -18.00,  -17.50,  -17.47,  -20.75,   -7.48
55260000,  -15.00,  -15.00,  -14.54,  -14.44,  -20.74,   -7.10
55320000,  -15.00,  -15.00,  -14.51,  -14.44,  -20.73,   -7.21
55380000,  -15.00,  -15.00,  -14.54,  -14.43,  -20.71,   -7.51
55440000,  -15.00,  -15.00,  -14.52,  -14.44,  -20.70,   -7.57
55500000,  -15.00,  -15.00,  -14.50,  -14.45,  -20.68,   -7.57
55560000,  -12.00,  -12.00,  -11.52,  -11.43,  -20.65,  -10.00
55620000,  -12.00,  -12.00,  -11.50,  -11.45,  -20.62,  -10.00
55680000,  -12.00,  -12.00,  -11.51,  -11.46,  -20.58,  -10.00
55740000,  -12.00,  -12.00,  -11.51,  -11.43,  -20.55,  -10.00
55800000,  -12.00,  -12.00,  -11.51,  -11.46,  -20.52,  -10.00
55860000,  -12.00,  -12.00,  -14.57,  -14.47,  -20.49,  -10.00
55920000,  -15.00,  -15.00,  -14.51,  -14.45,  -20.48,  -10.00
55980000,  -15.00,  -15.00,  -14.47,  -14.45,  -20.47,  -10.00
56040000,  -15.00,  -15.00,  -14.53,  -14.45,  -20.45,  -10.00
56100000,  -15.00,  -15.00,  -14.46,  -14.44,  -20.44,  -10.00
56160000,  -15.00,  -15.00,  -17.52,  -17.45,  -20.43,  -10.00
56220000,  -18.00,  -18.00,  -17.55,  -17.45,  -20.43,   -9.49
56280000,  -18.00,  -18.00,  -17.54,  -17.45,  -20.42,   -8.80
56340000,  -18.00,  -18.00,  -17.56,  -17.45,  -20.42,   -8.19
56400000,  -18.00,  -18.00,  -17.48,  -17.46,  -20.41,   -7.66
56460000,  -15.00,  -15.00,  -14.53,  -14.45,  -20.40,   -7.13
56520000,  -15.00,  -15.00,  -14.59,  -14.45,  -20.39,   -7.15
56580000,  -15.00,  -15.00,  -14.50,  -14.44,  -20.38,   -7.35
56640000,  -15.00,  -15.00,  -14.48,  -14.44,  -20.36,   -7.56
56700000,  -15.00,  -15.00,  -14.49,  -14.43,  -20.35,   -7.56
56760000,  -12.00,  -12.00,  -11.52,  -11.43,  -20.33,  -10.00
56820000,  -12.00,  -12.00,  -11.50,  -11.45,  -20.30,  -10.00
56880000,  -12.00,  -12.00,  -11.49,  -11.43,  -20.27,  -10.00
56940000,  -12.00,  -12.00,  -11.49,  -11.41,  -20.24,  -10.00
57000000,  -12.00,  -12.00,  -11.47,  -11.45,  -20.21,  -10.00
57060000,  -12.00,  -12.00,  -14.51,  -14.41,  -20.18,  -10.00
57120000,  -15.00,  -15.00,  -14.52,  -14.44,  -20.17,  -10.00
57180000,  -15.00,  -15.00,  -14.52,  -14.44,  -20.16,  -10.00
57240000,  -15.00,  -15.00,  -14.52,  -14.45,  -20.15,  -10.00
57300000,  -15.00,  -15.00,  -14.47,  -14.46,  -20.13,  -10.00
57360000,  -15.00,  -15.00,  -17.50,  -17.46,  -20.12,  -10.00
57420000,  -18.00,  -18.00,  -17.54,  -17.43,  -20.12,   -9.71
57480000,  -18.00,  -18.00,  -17.52,  -17.45,  -20.11,   -9.04
57540000,  -18.00,  -18.00,  -17.51,  -17.43,  -20.11,   -8.38
57600000,  -18.00,  -18.00,  -17.51,  -17.44,  -20.11,   -7.83
57660000,   -9.00,   -9.00,   -8.52,   -8.42,  -20.10,  -10.00
57720000,   -9.00,   -9.00,   -8.55,   -8.44,  -20.04,  -10.00
57780000,   -9.00,   -9.00,   -8.57,   -8.45,  -19.97,  -10.00
57840000,   -9.00,   -9.00,   -8.49,   -8.45,  -19.92,  -10.00
57900000,   -9.00,   -9.00,   -8.51,   -8.47,  -19.86,  -10.00
57960000,   -9.00,   -9.00,  -11.46,  -10.37,  -19.80,  -10.00
58020000,  -12.00,  -12.00,  -11.49,  -11.45,  -19.77,  -10.00
58080000,  -12.00,  -12.00,  -11.51,  -11.44,  -19.75,  -10.00
58140000,  -12.00,  -12.00,  -11.57,  -11.45,  -19.72,  -10.00
58200000,  -12.00,  -12.00,  -11.49,  -11.43,  -19.70,  -10.00
58260000,  -12.00,  -12.00,  -11.52,  -11.45,  -19.67,  -10.00
58320000,  -12.00,  -12.00,  -14.56,  -14.45,  -19.66,  -10.00
58380000,  -15.00,  -15.00,  -14.54,  -14.45,  -19.65,  -10.00
58440000,  -15.00,  -15.00,  -14.50,  -14.44,  -19.64,  -10.00
58500000,  -15.00,  -15.00,  -14.52,  -14.43,  -19.63,  -10.00
58560000,  -15.00,  -15.00,  -14.52,  -14.44,  -19.62,  -10.00
58620000,  -15.00,  -15.00,  -17.54,  -17.47,  -19.61,   -9.89
58680000,  -18.00,  -18.00,  -17.52,  -17.45,  -19.61,   -9.26
58740000,  -18.00,  -18.00,  -17.53,  -17.43,  -19.61,   -8.57
58800000,  -18.00,  -18.00,  -17.53,  -17.45,  -19.61,   -7.99
58860000,  -18.00,  -18.00,  -17.49,  -17.44,  -19.60,   -7.48
58920000,  -18.00,  -18.00,  -49.55,  -49.49,  -19.61,   -6.94
58980000,  -50.05,  -50.05,  -49.53,  -49.48,  -19.61,   -6.31
59040000,  -50.05,  -50.05,  -49.59,  -49.51,  -19.62,   -5.59
59100000,  -50.05,  -50.05,  -49.63,  -49.50,  -19.62,   -4.78
59160000,  -50.05,  -50.05,  -49.60,  -49.52,  -19.62,   -3.85
59220000,  -23.00,  -23.00,  -22.53,  -22.45,  -19.63,   -2.86
59280000,  -23.00,  -23.00,  -22.52,  -22.44,  -19.63,   -1.85
59340000,  -23.00,  -23.00,  -22.49,  -22.44,  -19.63,   -0.84
59400000,  -23.00,  -23.00,  -22.53,  -22.45,  -19.63,    0.94
59460000,  -23.00,  -23.00,  -22.51,  -22.46,  -19.64,    0.96
59520000,  -20.00,  -20.00,  -19.55,  -19.44,  -19.64,   -2.43
59580000,  -20.00,  -20.00,  -19.57,  -19.43,  -19.64,   -2.60
59640000,  -20.00,  -20.00,  -19.48,  -19.43,  -19.64,   -2.59
59700000,  -20.00,  -20.00,  -19.49,  -19.46,  -19.64,   -2.58
59760000,  -20.00,  -20.00,  -19.52,  -19.44,  -19.64,   -2.57
59820000,  -20.00,  -20.00,  -22.55,  -22.45,  -19.64,   -2.93
59880000,  -23.00,  -23.00,  -22.53,  -22.48,  -19.64,   -3.23
59940000,  -23.00,  -23.00,  -22.51,  -22.44,  -19.64,   -3.26
60000000,  -23.00,  -23.00,  -22.48,  -22.44,  -19.64,   -3.15
60060000,  -23.00,  -23.00,  -22.53,  -22.43,  -19.65,   -2.73
60120000,  -23.00,  -23.00,  -25.53,  -25.44,  -19.65,   -2.17
60180000,  -26.00,  -26.00,  -25.46,  -25.45,  -19.65,   -1.54
60240000,  -26.00,  -26.00,  -25.51,  -25.45,  -19.66,   -0.86
60300000,  -26.00,  -26.00,  -25.48,  -25.45,  -19.66,    0.29
60360000,  -26.00,  -26.00,  -25.46,  -25.44,  -19.66,    0.82
60420000,  -23.00,  -23.00,  -22.48,  -22.45,  -19.66,    1.18
60480000,  -23.00,  -23.00,  -22.53,  -22.45,  -19.67,    0.94
60540000,  -23.00,  -23.00,  -22.57,  -22.44,  -19.67,    0.87
60600000,  -23.00,  -23.00,  -22.47,  -22.45,  -19.67,    0.66
60660000,  -23.00,  -23.00,  -22.47,  -22.44,  -19.67,    0.49
60720000,  -20.00,  -20.00,  -19.52,  -19.42,  -19.67,   -2.16
60780000,  -20.00,  -20.00,  -19.53,  -19.43,  -19.67,   -2.54
60840000,  -20.00,  -20.00,  -19.49,  -19.44,  -19.67,   -2.56
60900000,  -20.00,  -20.00,  -19.50,  -19.45,  -19.67,   -2.57
60960000,  -20.00,  -20.00,  -19.57,  -19.43,  -19.67,   -2.56
61020000,  -20.00,  -20.00,  -22.49,  -22.44,  -19.67,   -2.72
61080000,  -23.00,  -23.00,  -22.54,  -22.44,  -19.68,   -3.18
61140000,  -23.00,  -23.00,  -22.52,  -22.45,  -19.68,   -3.29
61200000,  -23.00,  -23.00,  -22.50,  -22.44,  -19.68,   -3.25
61260000,  -23.00,  -23.00,  -22.48,  -22.46,  -19.68,   -2.91
61320000,  -23.00,  -23.00,  -25.53,  -25.46,  -19.68,   -2.37
61380000,  -26.00,  -26.00,  -25.49,  -25.45,  -19.69,   -1.76
61440000,  -26.00,  -26.00,  -25.55,  -25.45,  -19.69,   -1.09
61500000,  -26.00,  -26.00,  -25.52,  -25.45,  -19.69,   -0.42
61560000,  -26.00,  -26.00,  -25.51,  -25.45,  -19.70,    0.64
61620000,  -23.00,  -23.00,  -22.48,  -23.52,  -19.70,    1.19
61680000,  -23.00,  -23.00,  -22.50,  -22.44,  -19.70,    1.13
61740000,  -23.00,  -23.00,  -22.51,  -22.47,  -19.70,    0.91
61800000,  -23.00,  -23.00,  -22.53,  -22.47,  -19.71,    0.75
61860000,  -23.00,  -23.00,  -22.49,  -22.44,  -19.71,    0.48
61920000,  -23.00,  -23.00,  -22.50,  -22.49,  -19.71,    0.49
61980000,  -20.00,  -20.00,  -19.52,  -19.44,  -19.71,   -2.52
62040000,  -20.00,  -20.00,  -19.53,  -19.46,  -19.71,   -2.55
62100000,  -20.00,  -20.00,  -19.53,  -19.46,  -19.71,   -2.55
62160000,  -20.00,  -20.00,  -19.51,  -19.45,  -19.71,   -2.56
62220000,  -20.00,  -20.00,  -19.52,  -19.45,  -19.71,   -2.56
62280000,  -20.00,  -20.00,  -22.51,  -22.44,  -19.71,   -3.07
62340000,  -23.00,  -23.00,  -22.52,  -22.45,  -19.71,   -3.28
62400000,  -23.00,  -23.00,  -22.54,  -22.47,  -19.72,   -3.28
62460000,  -23.00,  -23.00,  -22.51,  -22.44,  -19.72,   -3.05
62520000,  -23.00,  -23.00,  -22.51,  -22.45,  -19.72,   -2.56
62580000,  -23.00,  -23.00,  -25.52,  -25.43,  -19.72,   -1.97
62640000,  -26.00,  -26.00,  -25.48,  -25.46,  -19.73,   -1.32
62700000,  -26.00,  -26.00,  -25.46,  -25.46,  -19.73,   -0.62
62760000,  -26.00,  -26.00,  -25.48,  -25.41,  -19.73,    0.47
62820000,  -26.00,  -26.00,  -25.52,  -25.45,  -19.74,    1.01
62880000,  -23.00,  -23.00,  -22.50,  -22.43,  -19.74,    1.18
62940000,  -23.00,  -23.00,  -22.48,  -22.43,  -19.74,    0.91
63000000,  -23.00,  -23.00,  -22.51,  -22.42,  -19.74,    0.80
63060000,  -23.00,  -23.00,  -22.48,  -22.46,  -19.74,    0.53
63120000,  -23.00,  -23.00,  -22.50,  -22.44,  -19.75,    0.49
63180000,  -20.00,  -20.00,  -19.53,  -19.45,  -19.75,   -2.40
63240000,  -20.00,  -20.00,  -19.53,  -19.46,  -19.75,   -2.55
63300000,  -20.00,  -20.00,  -19.53,  -19.44,  -19.75,   -2.57
63360000,  -20.00,  -20.00,  -19.47,  -19.44,  -19.75,   -2.56
63420000,  -20.00,  -20.00,  -19.54,  -19.43,  -19.75,   -2.56
63480000,  -20.00,  -20.00,  -22.45,  -22.45,  -19.75,   -2.90
63540000,  -23.00,  -23.00,  -22.53,  -22.46,  -19.75,   -3.22
63600000,  -23.00,  -23.00,  -22.51,  -22.43,  -19.75,   -3.26
63660000,  -23.00,  -23.00,  -22.55,  -22.44,  -19.75,   -3.15
63720000,  -23.00,  -23.00,  -22.53,  -22.47,  -19.75,   -2.74
63780000,  -23.00,  -23.00,  -25.49,  -25.44,  -19.76,   -2.17
63840000,  -26.00,  -26.00,  -25.54,  -25.46,  -19.76,   -1.54
63900000,  -26.00,  -26.00,  -25.49,  -25.45,  -19.76,   -0.86
63960000,  -26.00,  -26.00,  -25.51,  -25.44,  -19.77,    0.29
64020000,  -26.00,  -26.00,  -25.51,  -25.42,  -19.77,    0.82
64080000,  -23.00,  -23.00,  -22.57,  -22.45,  -19.77,    1.17
64140000,  -23.00,  -23.00,  -22.48,  -22.45,  -19.77,    0.94
64200000,  -23.00,  -23.00,  -22.50,  -22.45,  -19.78,    0.87
64260000,  -23.00,  -23.00,  -22.49,  -22.43,  -19.78,    0.67
64320000,  -23.00,  -23.00,  -22.53,  -22.45,  -19.78,    0.48
64380000,  -20.00,  -20.00,  -19.55,  -19.44,  -19.78,   -2.14
64440000,  -20.00,  -20.00,  -19.54,  -19.45,  -19.78,   -2.54
64500000,  -20.00,  -20.00,  -19.53,  -19.45,  -19.78,   -2.56
64560000,  -20.00,  -20.00,  -19.57,  -19.45,  -19.78,   -2.56
64620000,  -20.00,  -20.00,  -19.49,  -19.44,  -19.78,   -2.56
64680000,  -20.00,  -20.00,  -22.48,  -22.45,  -19.78,   -2.71
64740000,  -23.00,  -23.00,  -22.53,  -22.44,  -19.78,   -3.18
64800000,  -23.00,  -23.00,  -22.53,  -22.43,  -19.78,   -3.29
64860000,  -23.00,  -23.00,  -22.50,  -22.43,  -19.79,   -3.26
64920000,  -23.00,  -23.00,  -22.52,  -22.44,  -19.79,   -2.91
64980000,  -23.00,  -23.00,  -25.54,  -25.45,  -19.79,   -2.37
65040000,  -26.00,  -26.00,  -25.55,  -25.45,  -19.79,   -1.76
65100000,  -26.00,  -26.00,  -25.51,  -25.44,  -19.80,   -1.10
65160000,  -26.00,  -26.00,  -25.48,  -25.44,  -19.80,   -0.43
65220000,  -26.00,  -26.00,  -25.45,  -25.43,  -19.80,    0.64
65280000,  -26.00,  -26.00,  -49.62,  -32.34,  -19.80,    1.20
65340000,  -50.05,  -50.05,  -49.55,  -49.51,  -19.81,    1.84
65400000,  -50.05,  -50.05,  -49.63,  -49.51,  -19.81,    2.55
65460000,  -50.05,  -50.05,  -49.60,  -49.52,  -19.82,    3.41
65520000,  -50.05,  -50.05,  -49.61,  -49.51,  -19.82,    4.37
65580000,  -50.05,  -50.05,  -49.58,  -49.52,  -19.82,    5.38
65640000,  -23.00,  -23.00,  -22.53,  -22.44,  -19.83,    5.43
65700000,  -23.00,  -23.00,  -22.52,  -22.43,  -19.83,    0.99
65760000,  -23.00,  -23.00,  -22.55,  -22.47,  -19.83,    0.83
65820000,  -23.00,  -23.00,  -22.54,  -22.47,  -19.83,    0.49
65880000,  -23.00,  -23.00,  -22.51,  -22.45,  -19.83,    0.47
65940000,  -20.00,  -20.00,  -19.48,  -19.47,  -19.83,   -2.58
66000000,  -20.00,  -20.00,  -19.53,  -19.44,  -19.83,   -2.59
66060000,  -20.00,  -20.00,  -19.47,  -19.47,  -19.83,   -2.59
66120000,  -20.00,  -20.00,  -19.55,  -19.46,  -19.83,   -2.58
66180000,  -20.00,  -20.00,  -19.50,  -19.45,  -19.83,   -2.59
66240000,  -20.00,  -20.00,  -22.57,  -22.43,  -19.83,   -2.56
66300000,  -23.00,  -23.00,  -22.52,  -22.46,  -19.84,   -2.12
66360000,  -23.00,  -23.00,  -22.52,  -22.45,  -19.84,   -2.76
66420000,  -23.00,  -23.00,  -22.53,  -22.47,  -19.84,   -2.80
66480000,  -23.00,  -23.00,  -22.50,  -22.45,  -19.84,   -2.64
66540000,  -23.00,  -23.00,  -25.53,  -25.45,  -19.84,   -2.10
66600000,  -26.00,  -26.00,  -25.54,  -25.46,  -19.85,   -1.42
66660000,  -26.00,  -26.00,  -25.57,  -25.46,  -19.85,   -0.70
66720000,  -26.00,  -26.00,  -25.48,  -25.45,  -19.85,    0.41
66780000,  -26.00,  -26.00,  -25.50,  -25.43,  -19.86,    0.95
66840000,  -23.00,  -23.00,  -22.52,  -22.44,  -19.86,    1.17
66900000,  -23.00,  -23.00,  -22.45,  -22.41,  -19.86,    0.91
66960000,  -23.00,  -23.00,  -22.48,  -22.42,  -19.86,    0.82
67020000,  -23.00,  -23.00,  -22.47,  -22.42,  -19.86,    0.58
67080000,  -23.00,  -23.00,  -22.49,  -22.45,  -19.87,    0.48
67140000,  -20.00,  -20.00,  -19.49,  -19.44,  -19.87,   -2.33
67200000,  -20.00,  -20.00,  -19.53,  -19.46,  -19.87,   -2.55
67260000,  -20.00,  -20.00,  -19.49,  -19.46,  -19.87,   -2.56
67320000,  -20.00,  -20.00,  -19.54,  -19.45,  -19.86,   -2.56
67380000,  -20.00,  -20.00,  -19.54,  -19.43,  -19.86,   -2.56
67440000,  -20.00,  -20.00,  -22.51,  -22.44,  -19.87,   -2.84
67500000,  -23.00,  -23.00,  -22.51,  -22.44,  -19.87,   -3.22
67560000,  -23.00,  -23.00,  -22.52,  -22.45,  -19.87,   -3.27
67620000,  -23.00,  -23.00,  -22.48,  -22.43,  -19.87,   -3.18
67680000,  -23.00,  -23.00,  -22.54,  -22.45,  -19.87,   -2.79
67740000,  -23.00,  -23.00,  -25.51,  -25.47,  -19.87,   -2.24
67800000,  -26.00,  -26.00,  -25.54,  -25.44,  -19.88,   -1.61
67860000,  -26.00,  -26.00,  -25.54,  -25.48,  -19.88,   -0.93
67920000,  -26.00,  -26.00,  -25.55,  -25.45,  -19.88,   -0.29
67980000,  -26.00,  -26.00,  -25.52,  -25.45,  -19.89,    0.76
68040000,  -23.00,  -23.00,  -22.52,  -22.43,  -19.89,    1.17
68100000,  -23.00,  -23.00,  -22.47,  -22.45,  -19.89,    0.96
68160000,  -23.00,  -23.00,  -22.53,  -22.43,  -19.89,    0.88
68220000,  -23.00,  -23.00,  -22.58,  -22.45,  -19.89,    0.69
68280000,  -23.00,  -23.00,  -22.53,  -22.44,  -19.90,    0.49
68340000,  -20.00,  -20.00,  -19.58,  -19.45,  -19.90,   -2.01
68400000,  -20.00,  -20.00,  -19.51,  -19.44,  -19.90,   -2.54
68460000,  -20.00,  -20.00,  -19.51,  -19.45,  -19.90,   -2.55
68520000,  -20.00,  -20.00,  -19.49,  -19.45,  -19.90,   -2.56
68580000,  -20.00,  -20.00,  -19.50,  -19.46,  -19.90,   -2.56
68640000,  -20.00,  -20.00,  -19.52,  -19.44,  -19.90,   -2.66
68700000,  -20.00,  -20.00,  -22.52,  -22.44,  -19.90,   -3.16
68760000,  -23.00,  -23.00,  -22.49,  -22.44,  -19.90,   -3.34
68820000,  -23.00,  -23.00,  -22.53,  -22.44,  -19.90,   -3.34
68880000,  -23.00,  -23.00,  -22.43,  -22.45,  -19.90,   -3.10
68940000,  -23.00,  -23.00,  -22.55,  -22.42,  -19.90,   -2.62
69000000,  -23.00,  -23.00,  -25.54,  -25.44,  -19.91,   -2.04
69060000,  -26.00,  -26.00,  -25.54,  -25.46,  -19.91,   -1.40
69120000,  -26.00,  -26.00,  -25.53,  -25.44,  -19.91,   -0.71
69180000,  -26.00,  -26.00,  -25.51,  -25.44,  -19.91,    0.40
69240000,  -26.00,  -26.00,  -25.54,  -25.43,  -19.92,    0.94
